,Absolute Distance,Cluster,Dataset,FeatureSubtype,FeatureSubtypeIndex,FeatureType,FeatureTypeIndex,Relative Distance
54781,0,G674.2,MiSeqNONOc.csv,Splice Junction Splice Junction Exon from 5'-UTR to Coding_Region to Intron from Coding_Region to Coding_Region to Splice Junction Intron from Coding_Region to Coding_Region to Exon from Coding_Region to Coding_Region,,Splice Junction ,5.0,0.0
54217,0,G656.1,MiSeqNONOc.csv,Splice Junction Splice Junction Exon from 5'-UTR to Coding_Region to Intron from Coding_Region to Coding_Region to Splice Junction Intron from Coding_Region to Coding_Region to Exon from Coding_Region to Coding_Region,,Splice Junction ,5.0,0.0
39127,0,G3257.1,MiSeqSFPQc.csv,Splice Junction 3'-UTR to Splice Junction Exon from Coding_Region to 3'-UTR to Intron from 3'-UTR to 3'-UTR,,Splice Junction ,73.0,0.0
50033,1880,G167.1,MiSeqNONOc.csv,Splice Junction Intron in a ncRNA to Exon in a ncRNA,,Splice Junction ,4.0,0.4582013161101633
74746,65001,G2402.1,MiSeqNONOc.csv,Splice Junction Exon in a ncRNA to Splice Junction Exon in a ncRNA to Intron in a ncRNA,,Splice Junction ,1.0,0.3151899839013131
7369,71115,G416.1,MiSeqSFPQc.csv,Splice Junction Intron from Coding_Region to Coding_Region to Splice Junction Intron from Coding_Region to Coding_Region to Exon from Coding_Region to 3'-UTR,,Splice Junction ,37.0,0.12780858994496944
75194,0,G2459.1,MiSeqNONOc.csv,Splice Junction 5'-UTR to Exon from 5'-UTR to 5'-UTR,,Splice Junction ,1.0,0.0
75230,0,G2462.1,MiSeqNONOc.csv,Splice Junction 5'-UTR to Exon from 5'-UTR to 5'-UTR,,Splice Junction ,1.0,0.0
2,0,G5.1,MiSeqSFPQc.csv,Splice Junction Splice Junction Exon from 5'-UTR to 5'-UTR to Intron from 5'-UTR to 5'-UTR to Splice Junction Intron from 5'-UTR to 5'-UTR to Exon from 5'-UTR to Coding_Region,,Splice Junction ,4.0,0.0
61134,0,G1259.1,MiSeqNONOc.csv,Splice Junction Splice Junction Exon from Coding_Region to Coding_Region to Intron from Coding_Region to Coding_Region to Splice Junction Intron from Coding_Region to Coding_Region to Exon from Coding_Region to Coding_Region,,Splice Junction ,41.0,0.0
21128,106531,G1761.1,MiSeqSFPQc.csv,Splice Junction Exon from Coding_Region to Coding_Region to Splice Junction Exon from Coding_Region to Coding_Region to Intron from Coding_Region to Coding_Region,,Splice Junction ,11.0,0.25939579584551814
7036,0,G404.1,MiSeqSFPQc.csv,Splice Junction 5'-UTR to Exon from 5'-UTR to Coding_Region,,Splice Junction ,1.0,0.0
25585,0,G2334.1,MiSeqSFPQc.csv,Splice Junction 3'-UTR to Splice Junction Exon from Coding_Region to 3'-UTR to Intron from 3'-UTR to 3'-UTR,,Splice Junction ,73.0,0.0
73824,0,G2342.1,MiSeqNONOc.csv,Splice Junction Splice Junction Exon from Coding_Region to Coding_Region to Intron from Coding_Region to Coding_Region to Splice Junction Intron from Coding_Region to Coding_Region to Exon from Coding_Region to Coding_Region,,Splice Junction ,81.0,0.0
52368,0,G482.9,MiSeqNONOc.csv,Splice Junction Exon from 5'-UTR to 3'-UTR to Splice Junction 5'-UTR to Exon from 5'-UTR to 3'-UTR,,Splice Junction ,2.0,0.0
14046,0,G1308.1,MiSeqSFPQc.csv,Splice Junction Splice Junction Exon from 5'-UTR to Coding_Region to Intron from Coding_Region to Coding_Region to Splice Junction Intron from Coding_Region to Coding_Region to Exon from Coding_Region to Coding_Region,,Splice Junction ,5.0,0.0
52236,0,G474.4,MiSeqNONOc.csv,Splice Junction Exon from 5'-UTR to 3'-UTR to Splice Junction 5'-UTR to Exon from 5'-UTR to 3'-UTR,,Splice Junction ,2.0,0.0
52242,0,G474.5,MiSeqNONOc.csv,Splice Junction Exon from 5'-UTR to 3'-UTR to Splice Junction 5'-UTR to Exon from 5'-UTR to 3'-UTR,,Splice Junction ,2.0,0.0
52248,0,G474.6,MiSeqNONOc.csv,Splice Junction Exon from 5'-UTR to 3'-UTR to Splice Junction 5'-UTR to Exon from 5'-UTR to 3'-UTR,,Splice Junction ,2.0,0.0
52254,0,G474.7,MiSeqNONOc.csv,Splice Junction Exon from 5'-UTR to 3'-UTR to Splice Junction 5'-UTR to Exon from 5'-UTR to 3'-UTR,,Splice Junction ,2.0,0.0
52218,0,G474.1,MiSeqNONOc.csv,Splice Junction Exon from 5'-UTR to 3'-UTR to Splice Junction 5'-UTR to Exon from 5'-UTR to 3'-UTR,,Splice Junction ,2.0,0.0
12033,0,G1073.1,MiSeqSFPQc.csv,Splice Junction Splice Junction Exon from 5'-UTR to Coding_Region to Intron from Coding_Region to Coding_Region to Splice Junction Intron from Coding_Region to Coding_Region to Exon from Coding_Region to Coding_Region,,Splice Junction ,5.0,0.0
52230,0,G474.3,MiSeqNONOc.csv,Splice Junction Exon from 5'-UTR to 3'-UTR to Splice Junction 5'-UTR to Exon from 5'-UTR to 3'-UTR,,Splice Junction ,2.0,0.0
52260,0,G474.8,MiSeqNONOc.csv,Splice Junction Exon from 5'-UTR to 3'-UTR to Splice Junction 5'-UTR to Exon from 5'-UTR to 3'-UTR,,Splice Junction ,2.0,0.0
52266,0,G474.9,MiSeqNONOc.csv,Splice Junction Exon from 5'-UTR to 3'-UTR to Splice Junction 5'-UTR to Exon from 5'-UTR to 3'-UTR,,Splice Junction ,2.0,0.0
54687,0,G674.1,MiSeqNONOc.csv,Splice Junction Splice Junction Exon from 5'-UTR to Coding_Region to Intron from Coding_Region to Coding_Region to Splice Junction Intron from Coding_Region to Coding_Region to Exon from Coding_Region to Coding_Region,,Splice Junction ,5.0,0.0
14403,0,G1364.1,MiSeqSFPQc.csv,Splice Junction 3'-UTR to Translation_End,,Splice Junction ,36.0,0.0
52064,6754,G339.1,MiSeqNONOc.csv,Splice Junction Intron from Coding_Region to Coding_Region to Splice Junction Intron from Coding_Region to Coding_Region to Exon from Coding_Region to 3'-UTR,,Splice Junction ,37.0,0.012138356415500576
52398,0,G484.1,MiSeqNONOc.csv,Splice Junction Exon from 5'-UTR to 3'-UTR to Splice Junction 5'-UTR to Exon from 5'-UTR to 3'-UTR,,Splice Junction ,2.0,0.0
37713,0,G3053.1,MiSeqSFPQc.csv,Splice Junction 5'-UTR to Exon from 5'-UTR to 5'-UTR,,Splice Junction ,1.0,0.0
52404,0,G484.2,MiSeqNONOc.csv,Splice Junction Exon from 5'-UTR to 3'-UTR to Splice Junction 5'-UTR to Exon from 5'-UTR to 3'-UTR,,Splice Junction ,2.0,0.0
7869,0,G617.1,MiSeqSFPQc.csv,Splice Junction Exon from 5'-UTR to 3'-UTR to Splice Junction 5'-UTR to Exon from 5'-UTR to 3'-UTR,,Splice Junction ,2.0,0.0
39874,0,G3279.1,MiSeqSFPQc.csv,Splice Junction Splice Junction Exon from Coding_Region to Coding_Region to Intron from Coding_Region to Coding_Region to Splice Junction Intron from Coding_Region to Coding_Region to Exon from Coding_Region to Coding_Region,,Splice Junction ,25.0,0.0
20922,0,G1746.1,MiSeqSFPQc.csv,Splice Junction Splice Junction Exon from 5'-UTR to 5'-UTR to Intron from 5'-UTR to 5'-UTR to Splice Junction Intron from 5'-UTR to 5'-UTR to Exon from 5'-UTR to Coding_Region,,Splice Junction ,4.0,0.0
37785,0,G3059.1,MiSeqSFPQc.csv,Splice Junction 5'-UTR to Exon from 5'-UTR to 5'-UTR,,Splice Junction ,1.0,0.0
52314,0,G481.1,MiSeqNONOc.csv,Splice Junction Exon from 5'-UTR to 3'-UTR to Splice Junction 5'-UTR to Exon from 5'-UTR to 3'-UTR,,Splice Junction ,2.0,0.0
77660,0,G2723.1,MiSeqNONOc.csv,Splice Junction Splice Junction Exon in a ncRNA to Intron in a ncRNA to Splice Junction Intron in a ncRNA to Exon in a ncRNA,,Splice Junction ,15.0,0.0
11668,0,G877.1,MiSeqSFPQc.csv,Splice Junction Splice Junction Exon in a ncRNA to Intron in a ncRNA to Splice Junction Intron in a ncRNA to Exon in a ncRNA,,Splice Junction ,11.0,0.0
7578,0,G517.1,MiSeqSFPQc.csv,Splice Junction 5'-UTR to Exon from 5'-UTR to 5'-UTR,,Splice Junction ,1.0,0.0
52392,0,G483.2,MiSeqNONOc.csv,Splice Junction Exon from 5'-UTR to 3'-UTR to Splice Junction 5'-UTR to Exon from 5'-UTR to 3'-UTR,,Splice Junction ,2.0,0.0
52386,0,G483.1,MiSeqNONOc.csv,Splice Junction Exon from 5'-UTR to 3'-UTR to Splice Junction 5'-UTR to Exon from 5'-UTR to 3'-UTR,,Splice Junction ,2.0,0.0
20867,0,G1680.1,MiSeqSFPQc.csv,Splice Junction 3'-UTR to Translation_End,,Splice Junction ,44.0,0.0
77520,14214,G2705.1,MiSeqNONOc.csv,Splice Junction Exon in a ncRNA to Splice Junction Exon in a ncRNA to Intron in a ncRNA,,Splice Junction ,5.0,0.2339214008294385
10628,0,G801.1,MiSeqSFPQc.csv,Splice Junction Splice Junction Exon from 5'-UTR to Coding_Region to Intron from Coding_Region to Coding_Region to Splice Junction Intron from Coding_Region to Coding_Region to Exon from Coding_Region to Coding_Region,,Splice Junction ,5.0,0.0
58590,0,G1017.1,MiSeqNONOc.csv,Splice Junction 3'-UTR to Splice Junction Exon from Coding_Region to 3'-UTR to Intron from 3'-UTR to 3'-UTR,,Splice Junction ,125.0,0.0
44271,0,G3610.1,MiSeqSFPQc.csv,Splice Junction Splice Junction Exon from 3'-UTR to 3'-UTR to Intron from 3'-UTR to 3'-UTR to Splice Junction Intron from 3'-UTR to 3'-UTR to Exon from 3'-UTR to 3'-UTR,,Splice Junction ,111.0,0.0
73130,0,G2227.1,MiSeqNONOc.csv,Splice Junction Splice Junction Exon from Coding_Region to Coding_Region to Intron from Coding_Region to Coding_Region to Splice Junction Intron from Coding_Region to Coding_Region to Exon from Coding_Region to 3'-UTR,,Splice Junction ,13.0,0.0
51549,0,G256.1,MiSeqNONOc.csv,Splice Junction Splice Junction Exon from Coding_Region to Coding_Region to Intron from Coding_Region to Coding_Region to Splice Junction Intron from Coding_Region to Coding_Region to Exon from Coding_Region to Coding_Region,,Splice Junction ,29.0,0.0
40666,11005,G3358.1,MiSeqSFPQc.csv,Splice Junction Exon in a ncRNA to Splice Junction Exon in a ncRNA to Intron in a ncRNA,,Splice Junction ,5.0,0.05223933733652956
52380,0,G482.11,MiSeqNONOc.csv,Splice Junction Exon from 5'-UTR to 3'-UTR to Splice Junction 5'-UTR to Exon from 5'-UTR to 3'-UTR,,Splice Junction ,2.0,0.0
52374,0,G482.10,MiSeqNONOc.csv,Splice Junction Exon from 5'-UTR to 3'-UTR to Splice Junction 5'-UTR to Exon from 5'-UTR to 3'-UTR,,Splice Junction ,2.0,0.0
16769,0,G1448.1,MiSeqSFPQc.csv,Splice Junction Splice Junction Exon from Coding_Region to Coding_Region to Intron from Coding_Region to Coding_Region to Splice Junction Intron from Coding_Region to Coding_Region to Exon from Coding_Region to Coding_Region,,Splice Junction ,25.0,0.0
46647,0,G3739.1,MiSeqSFPQc.csv,Splice Junction Splice Junction Exon from 5'-UTR to 5'-UTR to Intron from 5'-UTR to 5'-UTR to Splice Junction Intron from 5'-UTR to 5'-UTR to Exon from 5'-UTR to 5'-UTR,,Splice Junction ,4.0,0.0
37677,0,G3051.1,MiSeqSFPQc.csv,Splice Junction 5'-UTR to Exon from 5'-UTR to 5'-UTR,,Splice Junction ,1.0,0.0
57198,0,G956.1,MiSeqNONOc.csv,Splice Junction 3'-UTR to Splice Junction Exon from Coding_Region to 3'-UTR to Intron from 3'-UTR to 3'-UTR,,Splice Junction ,49.0,0.0
54405,0,G666.1,MiSeqNONOc.csv,Splice Junction Splice Junction Exon from 5'-UTR to Coding_Region to Intron from Coding_Region to Coding_Region to Splice Junction Intron from Coding_Region to Coding_Region to Exon from Coding_Region to Coding_Region,,Splice Junction ,5.0,0.0
26206,0,G2388.1,MiSeqSFPQc.csv,Splice Junction 3'-UTR to Splice Junction Exon from Coding_Region to 3'-UTR to Intron from 3'-UTR to 3'-UTR,,Splice Junction ,57.0,0.0
12450,19470,G1168.1,MiSeqSFPQc.csv,Splice Junction Intron in a ncRNA to Splice Junction Intron in a ncRNA to Exon in a ncRNA,,Splice Junction ,7.0,0.15343635976767828
37389,0,G3035.2,MiSeqSFPQc.csv,Splice Junction 5'-UTR to Exon from 5'-UTR to 5'-UTR,,Splice Junction ,1.0,0.0
37353,0,G3035.1,MiSeqSFPQc.csv,Splice Junction 5'-UTR to Exon from 5'-UTR to 5'-UTR,,Splice Junction ,1.0,0.0
56431,0,G825.1,MiSeqNONOc.csv,Splice Junction Splice Junction Exon from 5'-UTR to Coding_Region to Intron from Coding_Region to Coding_Region to Splice Junction Intron from Coding_Region to Coding_Region to Exon from Coding_Region to Coding_Region,,Splice Junction ,5.0,0.0
52006,81567,G323.1,MiSeqNONOc.csv,Splice Junction Intron from Coding_Region to Coding_Region to Splice Junction Intron from Coding_Region to Coding_Region to Exon from Coding_Region to 3'-UTR,,Splice Junction ,37.0,0.14659302898180865
40310,0,G3297.1,MiSeqSFPQc.csv,Splice Junction Splice Junction Exon from Coding_Region to Coding_Region to Intron from Coding_Region to Coding_Region to Splice Junction Intron from Coding_Region to Coding_Region to Exon from Coding_Region to Coding_Region,,Splice Junction ,29.0,0.0
40130,0,G3295.1,MiSeqSFPQc.csv,Splice Junction Splice Junction Exon from Coding_Region to Coding_Region to Intron from Coding_Region to Coding_Region to Splice Junction Intron from Coding_Region to Coding_Region to Exon from Coding_Region to Coding_Region,,Splice Junction ,29.0,0.0
10816,0,G805.1,MiSeqSFPQc.csv,Splice Junction Splice Junction Exon from 5'-UTR to Coding_Region to Intron from Coding_Region to Coding_Region to Splice Junction Intron from Coding_Region to Coding_Region to Exon from Coding_Region to Coding_Region,,Splice Junction ,5.0,0.0
24022,0,G2279.1,MiSeqSFPQc.csv,Splice Junction Splice Junction Exon from Coding_Region to Coding_Region to Intron from Coding_Region to Coding_Region to Splice Junction Intron from Coding_Region to Coding_Region to Exon from Coding_Region to Coding_Region,,Splice Junction ,53.0,0.0
30149,0,G2608.1,MiSeqSFPQc.csv,Splice Junction Splice Junction Exon from 5'-UTR to Coding_Region to Intron from Coding_Region to Coding_Region to Splice Junction Intron from Coding_Region to Coding_Region to Exon from Coding_Region to Coding_Region,,Splice Junction ,5.0,0.0
51789,0,G315.1,MiSeqNONOc.csv,Splice Junction 5'-UTR to Exon from 5'-UTR to Coding_Region,,Splice Junction ,1.0,0.0
57639,0,G958.1,MiSeqNONOc.csv,Splice Junction Splice Junction Exon from Coding_Region to Coding_Region to Intron from Coding_Region to Coding_Region to Splice Junction Intron from Coding_Region to Coding_Region to Exon from Coding_Region to 3'-UTR,,Splice Junction ,145.0,0.0
23687,0,G2225.1,MiSeqSFPQc.csv,Splice Junction Splice Junction Exon from Coding_Region to Coding_Region to Intron from Coding_Region to Coding_Region to Splice Junction Intron from Coding_Region to Coding_Region to Exon from Coding_Region to Coding_Region,,Splice Junction ,41.0,0.0
19188,0,G1529.1,MiSeqSFPQc.csv,Splice Junction 5'-UTR to Exon from 5'-UTR to Coding_Region,,Splice Junction ,1.0,0.0
28273,0,G2566.1,MiSeqSFPQc.csv,Splice Junction Splice Junction Exon from 5'-UTR to 5'-UTR to Intron from 5'-UTR to 5'-UTR to Splice Junction Intron from 5'-UTR to 5'-UTR to Exon from 5'-UTR to 5'-UTR,,Splice Junction ,12.0,0.0
16493,0,G1442.1,MiSeqSFPQc.csv,Splice Junction Splice Junction Exon from 5'-UTR to 5'-UTR to Intron from 5'-UTR to 5'-UTR to Splice Junction Intron from 5'-UTR to 5'-UTR to Exon from 5'-UTR to 5'-UTR,,Splice Junction ,4.0,0.0
40021,0,G3283.1,MiSeqSFPQc.csv,Splice Junction Splice Junction Exon from Coding_Region to 3'-UTR to Intron from 3'-UTR to 3'-UTR to Splice Junction Intron from 3'-UTR to 3'-UTR to Exon from 3'-UTR to 3'-UTR,,Splice Junction ,43.0,0.0
6448,0,G343.1,MiSeqSFPQc.csv,Splice Junction 5'-UTR to Exon from 5'-UTR to 5'-UTR,,Splice Junction ,1.0,0.0
55706,0,G729.1,MiSeqNONOc.csv,Splice Junction 3'-UTR to Splice Junction Exon from Coding_Region to 3'-UTR to Intron from 3'-UTR to 3'-UTR,,Splice Junction ,17.0,0.0
22369,0,G1913.1,MiSeqSFPQc.csv,Splice Junction Splice Junction Exon from Coding_Region to Coding_Region to Intron from Coding_Region to Coding_Region to Splice Junction Intron from Coding_Region to Coding_Region to Exon from Coding_Region to Coding_Region,,Splice Junction ,85.0,0.0
40722,0,G3361.1,MiSeqSFPQc.csv,Splice Junction Splice Junction Exon in a ncRNA to Intron in a ncRNA to Splice Junction Intron in a ncRNA to Exon in a ncRNA,,Splice Junction ,15.0,0.0
37199,65003,G3003.1,MiSeqSFPQc.csv,Splice Junction Exon in a ncRNA to Splice Junction Exon in a ncRNA to Intron in a ncRNA,,Splice Junction ,1.0,0.3151996819054639
37425,0,G3037.1,MiSeqSFPQc.csv,Splice Junction 5'-UTR to Exon from 5'-UTR to 5'-UTR,,Splice Junction ,1.0,0.0
38095,0,G3186.1,MiSeqSFPQc.csv,Splice Junction Splice Junction Exon from Coding_Region to Coding_Region to Intron from Coding_Region to Coding_Region to Splice Junction Intron from Coding_Region to Coding_Region to Exon from Coding_Region to Coding_Region,,Splice Junction ,37.0,0.0
77366,0,G2652.1,MiSeqNONOc.csv,Splice Junction Splice Junction Exon from 5'-UTR to Coding_Region to Intron from Coding_Region to Coding_Region to Splice Junction Intron from Coding_Region to Coding_Region to Exon from Coding_Region to Coding_Region,,Splice Junction ,5.0,0.0
9322,0,G684.1,MiSeqSFPQc.csv,Splice Junction Splice Junction Exon from 5'-UTR to Coding_Region to Intron from Coding_Region to Coding_Region to Splice Junction Intron from Coding_Region to Coding_Region to Exon from Coding_Region to Coding_Region,,Splice Junction ,5.0,0.0
61500,0,G1287.1,MiSeqNONOc.csv,Splice Junction Splice Junction Exon from Coding_Region to Coding_Region to Intron from Coding_Region to Coding_Region to Splice Junction Intron from Coding_Region to Coding_Region to Exon from Coding_Region to Coding_Region,,Splice Junction ,29.0,0.0
7720,0,G528.2,MiSeqSFPQc.csv,Splice Junction Splice Junction Exon from 5'-UTR to 5'-UTR to Intron from 5'-UTR to 5'-UTR to Splice Junction Intron from 5'-UTR to 5'-UTR to Exon from 5'-UTR to 5'-UTR,,Splice Junction ,4.0,0.0
7644,0,G528.1,MiSeqSFPQc.csv,Splice Junction Splice Junction Exon from 5'-UTR to 5'-UTR to Intron from 5'-UTR to 5'-UTR to Splice Junction Intron from 5'-UTR to 5'-UTR to Exon from 5'-UTR to 5'-UTR,,Splice Junction ,4.0,0.0
46379,0,G3707.2,MiSeqSFPQc.csv,Splice Junction Splice Junction Exon from Coding_Region to Coding_Region to Intron from Coding_Region to Coding_Region to Splice Junction Intron from Coding_Region to Coding_Region to Exon from Coding_Region to 3'-UTR,,Splice Junction ,13.0,0.0
46085,0,G3707.1,MiSeqSFPQc.csv,Splice Junction Splice Junction Exon from Coding_Region to Coding_Region to Intron from Coding_Region to Coding_Region to Splice Junction Intron from Coding_Region to Coding_Region to Exon from Coding_Region to 3'-UTR,,Splice Junction ,13.0,0.0
15878,0,G1438.1,MiSeqSFPQc.csv,Splice Junction Splice Junction Exon from Coding_Region to Coding_Region to Intron from Coding_Region to Coding_Region to Splice Junction Intron from Coding_Region to Coding_Region to Exon from Coding_Region to Coding_Region,,Splice Junction ,9.0,0.0
35121,0,G2858.1,MiSeqSFPQc.csv,Splice Junction 5'-UTR to Exon from 5'-UTR to 5'-UTR,,Splice Junction ,1.0,0.0
78474,0,G2886.1,MiSeqNONOc.csv,Splice Junction 3'-UTR to Splice Junction Exon from Coding_Region to 3'-UTR to Intron from 3'-UTR to 3'-UTR,,Splice Junction ,29.0,0.0
65297,474,G1458.1,MiSeqNONOc.csv,Splice Junction Intron from Coding_Region to Coding_Region to Splice Junction Intron from Coding_Region to Coding_Region to Exon from Coding_Region to Coding_Region,,Splice Junction ,101.0,0.0023532215304876234
74942,0,G2439.1,MiSeqNONOc.csv,Splice Junction 5'-UTR to Exon from 5'-UTR to 5'-UTR,,Splice Junction ,1.0,0.0
78420,260,G2854.4,MiSeqNONOc.csv,Splice Junction Intron in a ncRNA to Splice Junction Intron in a ncRNA to Exon in a ncRNA,,Splice Junction ,3.0,0.022212729602733874
78414,323,G2854.3,MiSeqNONOc.csv,Splice Junction Intron in a ncRNA to Splice Junction Intron in a ncRNA to Exon in a ncRNA,,Splice Junction ,3.0,0.027595044852627083
78408,350,G2854.2,MiSeqNONOc.csv,Splice Junction Intron in a ncRNA to Splice Junction Intron in a ncRNA to Exon in a ncRNA,,Splice Junction ,3.0,0.0299017513882956
34949,0,G2854.1,MiSeqSFPQc.csv,Splice Junction Splice Junction Exon from Coding_Region to Coding_Region to Intron from Coding_Region to Coding_Region to Splice Junction Intron from Coding_Region to Coding_Region to Exon from Coding_Region to Coding_Region,,Splice Junction ,13.0,0.0
28977,0,G2602.1,MiSeqSFPQc.csv,Splice Junction Splice Junction Exon from 5'-UTR to Coding_Region to Intron from Coding_Region to Coding_Region to Splice Junction Intron from Coding_Region to Coding_Region to Exon from Coding_Region to Coding_Region,,Splice Junction ,5.0,0.0
43718,0,G3577.1,MiSeqSFPQc.csv,Splice Junction Splice Junction Exon from 5'-UTR to 5'-UTR to Intron from 5'-UTR to 5'-UTR to Splice Junction Intron from 5'-UTR to 5'-UTR to Exon from 5'-UTR to Coding_Region,,Splice Junction ,4.0,0.0
32137,0,G2628.1,MiSeqSFPQc.csv,Splice Junction Splice Junction Exon from Coding_Region to Coding_Region to Intron from Coding_Region to Coding_Region to Splice Junction Intron from Coding_Region to Coding_Region to Exon from Coding_Region to Coding_Region,,Splice Junction ,13.0,0.0
52550,0,G495.1,MiSeqNONOc.csv,Splice Junction 3'-UTR to Splice Junction Exon from Coding_Region to 3'-UTR to Intron from 3'-UTR to 3'-UTR,,Splice Junction ,9.0,0.0
78863,0,G2901.1,MiSeqNONOc.csv,Splice Junction Splice Junction Exon from 5'-UTR to 5'-UTR to Intron from 5'-UTR to 5'-UTR to Splice Junction Intron from 5'-UTR to 5'-UTR to Exon from 5'-UTR to 5'-UTR,,Splice Junction ,4.0,0.0
32739,0,G2638.1,MiSeqSFPQc.csv,Splice Junction Splice Junction Exon from 5'-UTR to 5'-UTR to Intron from 5'-UTR to 5'-UTR to Splice Junction Intron from 5'-UTR to 5'-UTR to Exon from 5'-UTR to Coding_Region,,Splice Junction ,4.0,0.0
52422,0,G493.1,MiSeqNONOc.csv,Splice Junction Exon from 5'-UTR to 3'-UTR to Translation_Start,,Splice Junction ,6.0,0.0
11146,0,G827.1,MiSeqSFPQc.csv,Splice Junction Splice Junction Exon from 5'-UTR to Coding_Region to Intron from Coding_Region to Coding_Region to Splice Junction Intron from Coding_Region to Coding_Region to Exon from Coding_Region to Coding_Region,,Splice Junction ,5.0,0.0
74752,67659,G2403.1,MiSeqNONOc.csv,Splice Junction Exon in a ncRNA to Splice Junction Exon in a ncRNA to Intron in a ncRNA,,Splice Junction ,1.0,0.32807863141765425
40868,0,G3386.1,MiSeqSFPQc.csv,Splice Junction Splice Junction Exon from Coding_Region to Coding_Region to Intron from Coding_Region to Coding_Region to Splice Junction Intron from Coding_Region to Coding_Region to Exon from Coding_Region to Coding_Region,,Splice Junction ,29.0,0.0
76113,9139,G2600.1,MiSeqNONOc.csv,Splice Junction Intron from Coding_Region to Coding_Region to Splice Junction Intron from Coding_Region to Coding_Region to Exon from Coding_Region to 3'-UTR,,Splice Junction ,73.0,0.07832130675488062
73390,0,G2294.1,MiSeqNONOc.csv,Splice Junction Splice Junction Exon from Coding_Region to Coding_Region to Intron from Coding_Region to Coding_Region to Splice Junction Intron from Coding_Region to Coding_Region to Exon from Coding_Region to Coding_Region,,Splice Junction ,13.0,0.0
79669,0,G2909.1,MiSeqNONOc.csv,Splice Junction Splice Junction Exon from 5'-UTR to 5'-UTR to Intron from 5'-UTR to 5'-UTR to Splice Junction Intron from 5'-UTR to 5'-UTR to Exon from 5'-UTR to 5'-UTR,,Splice Junction ,4.0,0.0
42431,374,G3460.1,MiSeqSFPQc.csv,Splice Junction Intron in a ncRNA to Splice Junction Intron in a ncRNA to Exon in a ncRNA,,Splice Junction ,3.0,0.031952157197778726
37281,0,G3031.1,MiSeqSFPQc.csv,Splice Junction 5'-UTR to Exon from 5'-UTR to 5'-UTR,,Splice Junction ,1.0,0.0
42437,350,G3460.2,MiSeqSFPQc.csv,Splice Junction Intron in a ncRNA to Splice Junction Intron in a ncRNA to Exon in a ncRNA,,Splice Junction ,3.0,0.0299017513882956
7929,0,G621.1,MiSeqSFPQc.csv,Splice Junction Exon from 5'-UTR to 3'-UTR to Splice Junction 5'-UTR to Exon from 5'-UTR to 3'-UTR,,Splice Junction ,2.0,0.0
54981,0,G710.1,MiSeqNONOc.csv,Splice Junction Splice Junction Exon from Coding_Region to Coding_Region to Intron from Coding_Region to Coding_Region to Splice Junction Intron from Coding_Region to Coding_Region to Exon from Coding_Region to Coding_Region,,Splice Junction ,9.0,0.0
38001,14481,G3118.1,MiSeqSFPQc.csv,Splice Junction Exon in a ncRNA to Splice Junction Exon in a ncRNA to Intron in a ncRNA,,Splice Junction ,5.0,0.18413824673838408
78079,0,G2762.1,MiSeqNONOc.csv,Splice Junction Splice Junction Exon from Coding_Region to Coding_Region to Intron from Coding_Region to Coding_Region to Splice Junction Intron from Coding_Region to Coding_Region to Exon from Coding_Region to 3'-UTR,,Splice Junction ,49.0,0.0
7935,0,G623.1,MiSeqSFPQc.csv,Splice Junction Exon from 5'-UTR to 3'-UTR to Splice Junction 5'-UTR to Exon from 5'-UTR to 3'-UTR,,Splice Junction ,2.0,0.0
79983,2129,G3013.2,MiSeqNONOc.csv,Splice Junction Exon in a ncRNA to Splice Junction Exon in a ncRNA to Intron in a ncRNA,,Splice Junction ,1.0,0.368148020058793
37229,0,G3013.1,MiSeqSFPQc.csv,Splice Junction 5'-UTR to Exon from 5'-UTR to 5'-UTR,,Splice Junction ,1.0,0.0
10722,0,G803.1,MiSeqSFPQc.csv,Splice Junction Splice Junction Exon from 5'-UTR to Coding_Region to Intron from Coding_Region to Coding_Region to Splice Junction Intron from Coding_Region to Coding_Region to Exon from Coding_Region to Coding_Region,,Splice Junction ,5.0,0.0
40806,0,G3364.2,MiSeqSFPQc.csv,Splice Junction Splice Junction Exon in a ncRNA to Intron in a ncRNA to Splice Junction Intron in a ncRNA to Exon in a ncRNA,,Splice Junction ,15.0,0.0
40764,0,G3364.1,MiSeqSFPQc.csv,Splice Junction Splice Junction Exon in a ncRNA to Intron in a ncRNA to Splice Junction Intron in a ncRNA to Exon in a ncRNA,,Splice Junction ,15.0,0.0
57848,0,G998.1,MiSeqNONOc.csv,Splice Junction Splice Junction Exon from Coding_Region to Coding_Region to Intron from Coding_Region to Coding_Region to Splice Junction Intron from Coding_Region to Coding_Region to Exon from Coding_Region to Coding_Region,,Splice Junction ,9.0,0.0
42419,4064,G3456.1,MiSeqSFPQc.csv,Splice Junction Intron in a ncRNA to Splice Junction Intron in a ncRNA to Exon in a ncRNA,,Splice Junction ,3.0,0.3472020504058095
68339,0,G1660.1,MiSeqNONOc.csv,Splice Junction 3'-UTR to Splice Junction Exon from Coding_Region to 3'-UTR to Intron from 3'-UTR to 3'-UTR,,Splice Junction ,9.0,0.0
41560,0,G3412.2,MiSeqSFPQc.csv,Splice Junction Splice Junction Exon from Coding_Region to Coding_Region to Intron from Coding_Region to Coding_Region to Splice Junction Intron from Coding_Region to Coding_Region to Exon from Coding_Region to Coding_Region,,Splice Junction ,17.0,0.0
69187,0,G1891.1,MiSeqNONOc.csv,Splice Junction 3'-UTR to Splice Junction Exon from Coding_Region to 3'-UTR to Intron from 3'-UTR to 3'-UTR,,Splice Junction ,57.0,0.0
41386,0,G3412.1,MiSeqSFPQc.csv,Splice Junction Splice Junction Exon from Coding_Region to Coding_Region to Intron from Coding_Region to Coding_Region to Splice Junction Intron from Coding_Region to Coding_Region to Exon from Coding_Region to Coding_Region,,Splice Junction ,17.0,0.0
26455,0,G2417.1,MiSeqSFPQc.csv,Splice Junction Splice Junction Exon from Coding_Region to Coding_Region to Intron from Coding_Region to Coding_Region to Splice Junction Intron from Coding_Region to Coding_Region to Exon from Coding_Region to Coding_Region,,Splice Junction ,9.0,0.0
68406,0,G1661.2,MiSeqNONOc.csv,Splice Junction Splice Junction Exon from Coding_Region to Coding_Region to Intron from Coding_Region to Coding_Region to Splice Junction Intron from Coding_Region to Coding_Region to Exon from Coding_Region to Coding_Region,,Splice Junction ,9.0,0.0
7959,0,G627.2,MiSeqSFPQc.csv,Splice Junction Exon from 5'-UTR to 3'-UTR to Splice Junction 5'-UTR to Exon from 5'-UTR to 3'-UTR,,Splice Junction ,2.0,0.0
3285,22317,G218.1,MiSeqSFPQc.csv,Splice Junction Intron in a ncRNA to Splice Junction Intron in a ncRNA to Exon in a ncRNA,,Splice Junction ,59.0,0.043033913045155046
7953,0,G627.1,MiSeqSFPQc.csv,Splice Junction Exon from 5'-UTR to 3'-UTR to Splice Junction 5'-UTR to Exon from 5'-UTR to 3'-UTR,,Splice Junction ,2.0,0.0
79415,0,G2905.1,MiSeqNONOc.csv,Splice Junction Splice Junction Exon from 5'-UTR to 5'-UTR to Intron from 5'-UTR to 5'-UTR to Splice Junction Intron from 5'-UTR to 5'-UTR to Exon from 5'-UTR to 5'-UTR,,Splice Junction ,4.0,0.0
23494,0,G2094.1,MiSeqSFPQc.csv,Splice Junction 3'-UTR to Splice Junction Exon from Coding_Region to 3'-UTR to Intron from 3'-UTR to 3'-UTR,,Splice Junction ,9.0,0.0
74734,49040,G2401.1,MiSeqNONOc.csv,Splice Junction Exon in a ncRNA to Splice Junction Exon in a ncRNA to Intron in a ncRNA,,Splice Junction ,1.0,0.23779506177628645
74740,49068,G2401.2,MiSeqNONOc.csv,Splice Junction Exon in a ncRNA to Splice Junction Exon in a ncRNA to Intron in a ncRNA,,Splice Junction ,1.0,0.2379308338343969
75122,0,G2457.1,MiSeqNONOc.csv,Splice Junction 5'-UTR to Exon from 5'-UTR to 5'-UTR,,Splice Junction ,1.0,0.0
50677,0,G200.1,MiSeqNONOc.csv,Splice Junction Splice Junction Exon from Coding_Region to Coding_Region to Intron from Coding_Region to Coding_Region to Splice Junction Intron from Coding_Region to Coding_Region to Exon from Coding_Region to 3'-UTR,,Splice Junction ,9.0,0.0
72625,0,G2101.1,MiSeqNONOc.csv,Splice Junction 5'-UTR to Exon from 5'-UTR to 5'-UTR,,Splice Junction ,1.0,0.0
34463,0,G2746.1,MiSeqSFPQc.csv,Splice Junction Splice Junction Exon from 5'-UTR to Coding_Region to Intron from Coding_Region to Coding_Region to Splice Junction Intron from Coding_Region to Coding_Region to Exon from Coding_Region to Coding_Region,,Splice Junction ,5.0,0.0
25218,0,G2333.1,MiSeqSFPQc.csv,Splice Junction Splice Junction Exon from Coding_Region to Coding_Region to Intron from Coding_Region to Coding_Region to Splice Junction Intron from Coding_Region to Coding_Region to Exon from Coding_Region to Coding_Region,,Splice Junction ,53.0,0.0
60944,981,G1225.1,MiSeqNONOc.csv,Splice Junction Exon from Coding_Region to Coding_Region to Splice Junction Exon from Coding_Region to Coding_Region to Intron from Coding_Region to Coding_Region,,Splice Junction ,83.0,0.007996543797583919
53747,0,G645.1,MiSeqNONOc.csv,Splice Junction Splice Junction Exon from 5'-UTR to Coding_Region to Intron from Coding_Region to Coding_Region to Splice Junction Intron from Coding_Region to Coding_Region to Exon from Coding_Region to Coding_Region,,Splice Junction ,5.0,0.0
48559,58353,G40.1,MiSeqNONOc.csv,Splice Junction Exon from Coding_Region to Coding_Region to Splice Junction Exon from Coding_Region to Coding_Region to Intron from Coding_Region to Coding_Region,,Splice Junction ,7.0,0.15136376016497413
7839,0,G613.2,MiSeqSFPQc.csv,Splice Junction Exon from 5'-UTR to 3'-UTR to Splice Junction 5'-UTR to Exon from 5'-UTR to 3'-UTR,,Splice Junction ,2.0,0.0
69479,0,G1893.1,MiSeqNONOc.csv,Splice Junction 3'-UTR to Splice Junction Exon from Coding_Region to 3'-UTR to Intron from 3'-UTR to 3'-UTR,,Splice Junction ,57.0,0.0
69771,0,G1893.2,MiSeqNONOc.csv,Splice Junction 3'-UTR to Splice Junction Exon from Coding_Region to 3'-UTR to Intron from 3'-UTR to 3'-UTR,,Splice Junction ,57.0,0.0
7833,0,G613.1,MiSeqSFPQc.csv,Splice Junction Exon from 5'-UTR to 3'-UTR to Splice Junction 5'-UTR to Exon from 5'-UTR to 3'-UTR,,Splice Junction ,2.0,0.0
24664,0,G2286.1,MiSeqSFPQc.csv,Splice Junction Splice Junction Exon from 5'-UTR to Coding_Region to Intron from Coding_Region to Coding_Region to Splice Junction Intron from Coding_Region to Coding_Region to Exon from Coding_Region to Coding_Region,,Splice Junction ,9.0,0.0
67864,0,G1646.1,MiSeqNONOc.csv,Splice Junction Splice Junction Exon from Coding_Region to Coding_Region to Intron from Coding_Region to Coding_Region to Splice Junction Intron from Coding_Region to Coding_Region to Exon from Coding_Region to Coding_Region,,Splice Junction ,9.0,0.0
17333,0,G1499.1,MiSeqSFPQc.csv,Splice Junction 5'-UTR to Exon from 5'-UTR to Coding_Region,,Splice Junction ,1.0,0.0
75446,0,G2475.1,MiSeqNONOc.csv,Splice Junction 5'-UTR to Exon from 5'-UTR to 5'-UTR,,Splice Junction ,1.0,0.0
75482,0,G2475.2,MiSeqNONOc.csv,Splice Junction 5'-UTR to Exon from 5'-UTR to 5'-UTR,,Splice Junction ,1.0,0.0
75518,0,G2475.3,MiSeqNONOc.csv,Splice Junction 5'-UTR to Exon from 5'-UTR to 5'-UTR,,Splice Junction ,1.0,0.0
42491,0,G3491.1,MiSeqSFPQc.csv,Splice Junction 3'-UTR to Splice Junction Exon from Coding_Region to 3'-UTR to Intron from 3'-UTR to 3'-UTR,,Splice Junction ,29.0,0.0
54123,0,G655.1,MiSeqNONOc.csv,Splice Junction Splice Junction Exon from 5'-UTR to Coding_Region to Intron from Coding_Region to Coding_Region to Splice Junction Intron from Coding_Region to Coding_Region to Exon from Coding_Region to Coding_Region,,Splice Junction ,5.0,0.0
18995,3023,G1513.1,MiSeqSFPQc.csv,Splice Junction Intron from Coding_Region to Coding_Region to Splice Junction Intron from Coding_Region to Coding_Region to Exon from Coding_Region to 3'-UTR,,Splice Junction ,53.0,0.01855910611781318
75374,0,G2469.2,MiSeqNONOc.csv,Splice Junction 5'-UTR to Exon from 5'-UTR to 5'-UTR,,Splice Junction ,1.0,0.0
75338,0,G2469.1,MiSeqNONOc.csv,Splice Junction 5'-UTR to Exon from 5'-UTR to 5'-UTR,,Splice Junction ,1.0,0.0
53653,0,G641.1,MiSeqNONOc.csv,Splice Junction Splice Junction Exon from 5'-UTR to Coding_Region to Intron from Coding_Region to Coding_Region to Splice Junction Intron from Coding_Region to Coding_Region to Exon from Coding_Region to Coding_Region,,Splice Junction ,5.0,0.0
49381,0,G105.1,MiSeqNONOc.csv,Splice Junction Splice Junction Exon from Coding_Region to Coding_Region to Intron from Coding_Region to Coding_Region to Splice Junction Intron from Coding_Region to Coding_Region to Exon from Coding_Region to 3'-UTR,,Splice Junction ,41.0,0.0
2977,0,G195.1,MiSeqSFPQc.csv,Splice Junction 3'-UTR to Translation_End,,Splice Junction ,32.0,0.0
70864,0,G2076.2,MiSeqNONOc.csv,Splice Junction Splice Junction Exon from 5'-UTR to 5'-UTR to Intron from 5'-UTR to 5'-UTR to Splice Junction Intron from 5'-UTR to 5'-UTR to Exon from 5'-UTR to Coding_Region,,Splice Junction ,4.0,0.0
23446,0,G2076.1,MiSeqSFPQc.csv,Splice Junction Splice Junction Exon from Coding_Region to 3'-UTR to Intron from 3'-UTR to 3'-UTR to Splice Junction Intron from 3'-UTR to 3'-UTR to Exon from 3'-UTR to 3'-UTR,,Splice Junction ,15.0,0.0
78384,4085,G2848.1,MiSeqNONOc.csv,Splice Junction Intron in a ncRNA to Splice Junction Intron in a ncRNA to Exon in a ncRNA,,Splice Junction ,3.0,0.34899615548910723
78390,4057,G2848.2,MiSeqNONOc.csv,Splice Junction Intron in a ncRNA to Splice Junction Intron in a ncRNA to Exon in a ncRNA,,Splice Junction ,3.0,0.3466040153780436
75302,0,G2467.1,MiSeqNONOc.csv,Splice Junction 5'-UTR to Exon from 5'-UTR to 5'-UTR,,Splice Junction ,1.0,0.0
10440,0,G798.2,MiSeqSFPQc.csv,Splice Junction Splice Junction Exon from 5'-UTR to Coding_Region to Intron from Coding_Region to Coding_Region to Splice Junction Intron from Coding_Region to Coding_Region to Exon from Coding_Region to Coding_Region,,Splice Junction ,5.0,0.0
54029,0,G651.1,MiSeqNONOc.csv,Splice Junction Splice Junction Exon from 5'-UTR to Coding_Region to Intron from Coding_Region to Coding_Region to Splice Junction Intron from Coding_Region to Coding_Region to Exon from Coding_Region to Coding_Region,,Splice Junction ,5.0,0.0
51105,0,G202.1,MiSeqNONOc.csv,Splice Junction Splice Junction Exon from Coding_Region to Coding_Region to Intron from Coding_Region to Coding_Region to Splice Junction Intron from Coding_Region to Coding_Region to Exon from Coding_Region to Coding_Region,,Splice Junction ,141.0,0.0
7881,0,G619.1,MiSeqSFPQc.csv,Splice Junction Exon from 5'-UTR to 3'-UTR to Splice Junction 5'-UTR to Exon from 5'-UTR to 3'-UTR,,Splice Junction ,2.0,0.0
7905,0,G619.3,MiSeqSFPQc.csv,Splice Junction Exon from 5'-UTR to 3'-UTR to Splice Junction 5'-UTR to Exon from 5'-UTR to 3'-UTR,,Splice Junction ,2.0,0.0
7893,0,G619.2,MiSeqSFPQc.csv,Splice Junction Exon from 5'-UTR to 3'-UTR to Splice Junction 5'-UTR to Exon from 5'-UTR to 3'-UTR,,Splice Junction ,2.0,0.0
7917,0,G619.4,MiSeqSFPQc.csv,Splice Junction Exon from 5'-UTR to 3'-UTR to Splice Junction 5'-UTR to Exon from 5'-UTR to 3'-UTR,,Splice Junction ,2.0,0.0
7815,0,G611.2,MiSeqSFPQc.csv,Splice Junction Exon from 5'-UTR to 3'-UTR to Splice Junction 5'-UTR to Exon from 5'-UTR to 3'-UTR,,Splice Junction ,2.0,0.0
7965,0,G631.1,MiSeqSFPQc.csv,Splice Junction Exon from 5'-UTR to 3'-UTR to Splice Junction 5'-UTR to Exon from 5'-UTR to 3'-UTR,,Splice Junction ,2.0,0.0
10252,0,G791.1,MiSeqSFPQc.csv,Splice Junction Splice Junction Exon from 5'-UTR to Coding_Region to Intron from Coding_Region to Coding_Region to Splice Junction Intron from Coding_Region to Coding_Region to Exon from Coding_Region to Coding_Region,,Splice Junction ,5.0,0.0
7502,0,G516.1,MiSeqSFPQc.csv,Splice Junction 5'-UTR to Exon from 5'-UTR to 5'-UTR,,Splice Junction ,1.0,0.0
28519,0,G2584.1,MiSeqSFPQc.csv,Splice Junction Splice Junction Exon from 5'-UTR to 5'-UTR to Intron from 5'-UTR to 5'-UTR to Splice Junction Intron from 5'-UTR to 5'-UTR to Exon from 5'-UTR to Coding_Region,,Splice Junction ,4.0,0.0
74764,96115,G2407.1,MiSeqNONOc.csv,Splice Junction Exon in a ncRNA to Splice Junction Exon in a ncRNA to Intron in a ncRNA,,Splice Junction ,1.0,0.46606183447446514
60244,0,G1205.1,MiSeqNONOc.csv,Splice Junction 5'-UTR to Exon from 5'-UTR to Coding_Region,,Splice Junction ,1.0,0.0
49077,0,G104.1,MiSeqNONOc.csv,Splice Junction Splice Junction Exon from Coding_Region to Coding_Region to Intron from Coding_Region to Coding_Region to Splice Junction Intron from Coding_Region to Coding_Region to Exon from Coding_Region to Coding_Region,,Splice Junction ,37.0,0.0
69019,0,G1889.1,MiSeqNONOc.csv,Splice Junction 3'-UTR to Splice Junction Exon from Coding_Region to 3'-UTR to Intron from 3'-UTR to 3'-UTR,,Splice Junction ,57.0,0.0
47902,2813,G3792.1,MiSeqSFPQc.csv,Splice Junction Intron in a ncRNA to Splice Junction Intron in a ncRNA to Exon in a ncRNA,,Splice Junction ,7.0,0.010597538417489517
80189,12569,G3087.1,MiSeqNONOc.csv,Splice Junction Exon in a ncRNA to Splice Junction Exon in a ncRNA to Intron in a ncRNA,,Splice Junction ,1.0,0.3099859422398698
54499,0,G669.1,MiSeqNONOc.csv,Splice Junction Splice Junction Exon from 5'-UTR to Coding_Region to Intron from Coding_Region to Coding_Region to Splice Junction Intron from Coding_Region to Coding_Region to Exon from Coding_Region to Coding_Region,,Splice Junction ,5.0,0.0
68291,0,G1648.1,MiSeqNONOc.csv,Splice Junction Splice Junction Exon from Coding_Region to 3'-UTR to Intron from 3'-UTR to 3'-UTR to Splice Junction Intron from 3'-UTR to 3'-UTR to Exon from 3'-UTR to 3'-UTR,,Splice Junction ,15.0,0.0
60064,0,G1181.1,MiSeqNONOc.csv,Splice Junction Splice Junction Exon from 5'-UTR to 5'-UTR to Intron from 5'-UTR to 5'-UTR to Splice Junction Intron from 5'-UTR to 5'-UTR to Exon from 5'-UTR to 5'-UTR,,Splice Junction ,8.0,0.0
49773,0,G144.1,MiSeqNONOc.csv,Splice Junction 5'-UTR to Exon from 5'-UTR to 5'-UTR,,Splice Junction ,1.0,0.0
23307,0,G2014.1,MiSeqSFPQc.csv,Splice Junction Splice Junction Exon from 5'-UTR to 5'-UTR to Intron from 5'-UTR to 5'-UTR to Splice Junction Intron from 5'-UTR to 5'-UTR to Exon from 5'-UTR to Coding_Region,,Splice Junction ,4.0,0.0
20002,0,G1634.2,MiSeqSFPQc.csv,Splice Junction Splice Junction Exon from Coding_Region to Coding_Region to Intron from Coding_Region to Coding_Region to Splice Junction Intron from Coding_Region to Coding_Region to Exon from Coding_Region to Coding_Region,,Splice Junction ,37.0,0.0
19578,0,G1634.1,MiSeqSFPQc.csv,Splice Junction Splice Junction Exon from Coding_Region to Coding_Region to Intron from Coding_Region to Coding_Region to Splice Junction Intron from Coding_Region to Coding_Region to Exon from Coding_Region to Coding_Region,,Splice Junction ,37.0,0.0
52224,0,G474.2,MiSeqNONOc.csv,Splice Junction Exon from 5'-UTR to 3'-UTR to Splice Junction 5'-UTR to Exon from 5'-UTR to 3'-UTR,,Splice Junction ,2.0,0.0
54593,0,G673.1,MiSeqNONOc.csv,Splice Junction Splice Junction Exon from 5'-UTR to Coding_Region to Intron from Coding_Region to Coding_Region to Splice Junction Intron from Coding_Region to Coding_Region to Exon from Coding_Region to Coding_Region,,Splice Junction ,5.0,0.0
34647,0,G2750.1,MiSeqSFPQc.csv,Splice Junction Splice Junction Exon from Coding_Region to Coding_Region to Intron from Coding_Region to Coding_Region to Splice Junction Intron from Coding_Region to Coding_Region to Exon from Coding_Region to 3'-UTR,,Splice Junction ,13.0,0.0
1640,0,G148.1,MiSeqSFPQc.csv,Splice Junction Splice Junction Exon from 5'-UTR to Coding_Region to Intron from Coding_Region to Coding_Region to Splice Junction Intron from Coding_Region to Coding_Region to Exon from Coding_Region to Coding_Region,,Splice Junction ,5.0,0.0
7427,26890,G421.1,MiSeqSFPQc.csv,Splice Junction Intron from Coding_Region to Coding_Region to Splice Junction Intron from Coding_Region to Coding_Region to Exon from Coding_Region to 3'-UTR,,Splice Junction ,37.0,0.0483269772005938
9300,0,G667.1,MiSeqSFPQc.csv,Splice Junction Splice Junction Exon from Coding_Region to Coding_Region to Intron from Coding_Region to Coding_Region to Splice Junction Intron from Coding_Region to Coding_Region to Exon from Coding_Region to 3'-UTR,,Splice Junction ,101.0,0.0
52779,0,G512.1,MiSeqNONOc.csv,Splice Junction Splice Junction Exon from Coding_Region to Coding_Region to Intron from Coding_Region to Coding_Region to Splice Junction Intron from Coding_Region to Coding_Region to Exon from Coding_Region to 3'-UTR,,Splice Junction ,101.0,0.0
66595,0,G1528.1,MiSeqNONOc.csv,Splice Junction 3'-UTR to Translation_End,,Splice Junction ,152.0,0.0
74906,0,G2438.1,MiSeqNONOc.csv,Splice Junction 5'-UTR to Exon from 5'-UTR to 5'-UTR,,Splice Junction ,1.0,0.0
53559,0,G633.1,MiSeqNONOc.csv,Splice Junction Splice Junction Exon from 5'-UTR to Coding_Region to Intron from Coding_Region to Coding_Region to Splice Junction Intron from Coding_Region to Coding_Region to Exon from Coding_Region to Coding_Region,,Splice Junction ,5.0,0.0
59814,0,G1167.1,MiSeqNONOc.csv,Splice Junction Splice Junction Exon from 5'-UTR to 5'-UTR to Intron from 5'-UTR to 5'-UTR to Splice Junction Intron from 5'-UTR to 5'-UTR to Exon from 5'-UTR to 5'-UTR,,Splice Junction ,4.0,0.0
7485,6767,G425.1,MiSeqSFPQc.csv,Splice Junction Intron from Coding_Region to Coding_Region to Splice Junction Intron from Coding_Region to Coding_Region to Exon from Coding_Region to 3'-UTR,,Splice Junction ,37.0,0.012161720145645899
38007,43914,G3126.1,MiSeqSFPQc.csv,Splice Junction Exon in a ncRNA to Splice Junction Exon in a ncRNA to Intron in a ncRNA,,Splice Junction ,1.0,0.13744600938967136
75086,0,G2449.1,MiSeqNONOc.csv,Splice Junction 5'-UTR to Exon from 5'-UTR to 5'-UTR,,Splice Junction ,1.0,0.0
14232,13491,G1340.1,MiSeqSFPQc.csv,Splice Junction Exon in a ncRNA to Splice Junction Exon in a ncRNA to Intron in a ncRNA,,Splice Junction ,45.0,0.23776038912974518
59264,0,G1052.1,MiSeqNONOc.csv,Splice Junction Splice Junction Exon from 5'-UTR to 5'-UTR to Intron from 5'-UTR to 5'-UTR to Splice Junction Intron from 5'-UTR to 5'-UTR to Exon from 5'-UTR to 5'-UTR,,Splice Junction ,4.0,0.0
2327,0,G176.1,MiSeqSFPQc.csv,Splice Junction 3'-UTR to Splice Junction Exon from Coding_Region to 3'-UTR to Intron from 3'-UTR to 3'-UTR,,Splice Junction ,41.0,0.0
74978,0,G2443.1,MiSeqNONOc.csv,Splice Junction 5'-UTR to Exon from 5'-UTR to 5'-UTR,,Splice Junction ,1.0,0.0
59212,0,G1050.1,MiSeqNONOc.csv,Splice Junction Splice Junction Exon from 5'-UTR to 5'-UTR to Intron from 5'-UTR to 5'-UTR to Splice Junction Intron from 5'-UTR to 5'-UTR to Exon from 5'-UTR to 5'-UTR,,Splice Junction ,4.0,0.0
91,511,G44.1,MiSeqSFPQc.csv,Splice Junction Intron from Coding_Region to Coding_Region to Splice Junction Intron from Coding_Region to Coding_Region to Exon from Coding_Region to Coding_Region,,Splice Junction ,9.0,0.025607617138561765
52139,0,G407.1,MiSeqNONOc.csv,Splice Junction 5'-UTR to Exon from 5'-UTR to 5'-UTR,,Splice Junction ,1.0,0.0
45262,0,G3653.1,MiSeqSFPQc.csv,Splice Junction Splice Junction Exon from Coding_Region to Coding_Region to Intron from Coding_Region to Coding_Region to Splice Junction Intron from Coding_Region to Coding_Region to Exon from Coding_Region to 3'-UTR,,Splice Junction ,117.0,0.0
75158,0,G2458.1,MiSeqNONOc.csv,Splice Junction 5'-UTR to Exon from 5'-UTR to 5'-UTR,,Splice Junction ,1.0,0.0
15211,0,G1384.1,MiSeqSFPQc.csv,Splice Junction Splice Junction Exon from 3'-UTR to 3'-UTR to Intron from 3'-UTR to 3'-UTR to Splice Junction Intron from 3'-UTR to 3'-UTR to Exon from 3'-UTR to 3'-UTR,,Splice Junction ,27.0,0.0
10158,0,G790.1,MiSeqSFPQc.csv,Splice Junction Splice Junction Exon from 5'-UTR to Coding_Region to Intron from Coding_Region to Coding_Region to Splice Junction Intron from Coding_Region to Coding_Region to Exon from Coding_Region to Coding_Region,,Splice Junction ,5.0,0.0
49623,0,G116.1,MiSeqNONOc.csv,Splice Junction Splice Junction Exon from 5'-UTR to 5'-UTR to Intron from 5'-UTR to 5'-UTR to Splice Junction Intron from 5'-UTR to 5'-UTR to Exon from 5'-UTR to 5'-UTR,,Splice Junction ,4.0,0.0
14491,0,G1382.1,MiSeqSFPQc.csv,Splice Junction Splice Junction Exon from 3'-UTR to 3'-UTR to Intron from 3'-UTR to 3'-UTR to Splice Junction Intron from 3'-UTR to 3'-UTR to Exon from 3'-UTR to 3'-UTR,,Splice Junction ,27.0,0.0
7851,0,G616.1,MiSeqSFPQc.csv,Splice Junction Exon from 5'-UTR to 3'-UTR to Splice Junction 5'-UTR to Exon from 5'-UTR to 3'-UTR,,Splice Junction ,2.0,0.0
43766,0,G3590.1,MiSeqSFPQc.csv,Splice Junction Splice Junction Exon from 5'-UTR to Coding_Region to Intron from Coding_Region to Coding_Region to Splice Junction Intron from Coding_Region to Coding_Region to Exon from Coding_Region to Coding_Region,,Splice Junction ,5.0,0.0
33295,0,G2714.1,MiSeqSFPQc.csv,Splice Junction Splice Junction Exon from 5'-UTR to Coding_Region to Intron from Coding_Region to Coding_Region to Splice Junction Intron from Coding_Region to Coding_Region to Exon from Coding_Region to Coding_Region,,Splice Junction ,5.0,0.0
45633,2116,G3671.1,MiSeqSFPQc.csv,Splice Junction Exon in a ncRNA to Splice Junction Exon in a ncRNA to Intron in a ncRNA,,Splice Junction ,1.0,0.36590005187618885
52296,0,G474.14,MiSeqNONOc.csv,Splice Junction Exon from 5'-UTR to 3'-UTR to Splice Junction 5'-UTR to Exon from 5'-UTR to 3'-UTR,,Splice Junction ,2.0,0.0
52284,0,G474.12,MiSeqNONOc.csv,Splice Junction Exon from 5'-UTR to 3'-UTR to Splice Junction 5'-UTR to Exon from 5'-UTR to 3'-UTR,,Splice Junction ,2.0,0.0
52290,0,G474.13,MiSeqNONOc.csv,Splice Junction Exon from 5'-UTR to 3'-UTR to Splice Junction 5'-UTR to Exon from 5'-UTR to 3'-UTR,,Splice Junction ,2.0,0.0
52272,0,G474.10,MiSeqNONOc.csv,Splice Junction Exon from 5'-UTR to 3'-UTR to Splice Junction 5'-UTR to Exon from 5'-UTR to 3'-UTR,,Splice Junction ,2.0,0.0
52278,0,G474.11,MiSeqNONOc.csv,Splice Junction Exon from 5'-UTR to 3'-UTR to Splice Junction 5'-UTR to Exon from 5'-UTR to 3'-UTR,,Splice Junction ,2.0,0.0
7311,81579,G413.1,MiSeqSFPQc.csv,Splice Junction Intron from Coding_Region to Coding_Region to Splice Junction Intron from Coding_Region to Coding_Region to Exon from Coding_Region to 3'-UTR,,Splice Junction ,37.0,0.14661459550194278
45619,9552,G3657.1,MiSeqSFPQc.csv,Splice Junction Intron from Coding_Region to Coding_Region to Splice Junction Intron from Coding_Region to Coding_Region to Exon from Coding_Region to Coding_Region,,Splice Junction ,129.0,0.18604288802757923
48809,0,G64.1,MiSeqNONOc.csv,Splice Junction Splice Junction Exon from 5'-UTR to 5'-UTR to Intron from 5'-UTR to 5'-UTR to Splice Junction Intron from 5'-UTR to 5'-UTR to Exon from 5'-UTR to Coding_Region,,Splice Junction ,4.0,0.0
57735,9104,G965.1,MiSeqNONOc.csv,Splice Junction Exon in a ncRNA to Splice Junction Exon in a ncRNA to Intron in a ncRNA,,Splice Junction ,1.0,0.07965701286201768
13792,0,G1272.1,MiSeqSFPQc.csv,Splice Junction Splice Junction Exon from 5'-UTR to 5'-UTR to Intron from 5'-UTR to 5'-UTR to Splice Junction Intron from 5'-UTR to 5'-UTR to Exon from 5'-UTR to 5'-UTR,,Splice Junction ,4.0,0.0
77490,6662,G2704.1,MiSeqNONOc.csv,Splice Junction Exon in a ncRNA to Splice Junction Exon in a ncRNA to Intron in a ncRNA,,Splice Junction ,5.0,0.10963728523467843
11854,0,G878.1,MiSeqSFPQc.csv,Splice Junction Splice Junction Exon in a ncRNA to Intron in a ncRNA to Splice Junction Intron in a ncRNA to Exon in a ncRNA,,Splice Junction ,31.0,0.0
7253,113448,G409.1,MiSeqSFPQc.csv,Splice Junction Intron from Coding_Region to Coding_Region to Splice Junction Intron from Coding_Region to Coding_Region to Exon from Coding_Region to 3'-UTR,,Splice Junction ,37.0,0.20388988134819505
42059,2955,G3425.1,MiSeqSFPQc.csv,Splice Junction Intron from Coding_Region to Coding_Region to Splice Junction Intron from Coding_Region to Coding_Region to Exon from Coding_Region to 3'-UTR,,Splice Junction ,233.0,0.018420855774985038
472,0,G134.1,MiSeqSFPQc.csv,Splice Junction Splice Junction Exon from Coding_Region to Coding_Region to Intron from Coding_Region to Coding_Region to Splice Junction Intron from Coding_Region to Coding_Region to Exon from Coding_Region to 3'-UTR,,Splice Junction ,41.0,0.0
770,0,G134.2,MiSeqSFPQc.csv,Splice Junction Splice Junction Exon from Coding_Region to Coding_Region to Intron from Coding_Region to Coding_Region to Splice Junction Intron from Coding_Region to Coding_Region to Exon from Coding_Region to 3'-UTR,,Splice Junction ,41.0,0.0
52302,0,G477.1,MiSeqNONOc.csv,Splice Junction Exon from 5'-UTR to 3'-UTR to Splice Junction 5'-UTR to Exon from 5'-UTR to 3'-UTR,,Splice Junction ,2.0,0.0
37533,0,G3046.1,MiSeqSFPQc.csv,Splice Junction 5'-UTR to Exon from 5'-UTR to 5'-UTR,,Splice Junction ,1.0,0.0
7809,0,G611.1,MiSeqSFPQc.csv,Splice Junction Exon from 5'-UTR to 3'-UTR to Splice Junction 5'-UTR to Exon from 5'-UTR to 3'-UTR,,Splice Junction ,2.0,0.0
52206,0,G471.1,MiSeqNONOc.csv,Splice Junction Exon from 5'-UTR to 3'-UTR to Splice Junction 5'-UTR to Exon from 5'-UTR to 3'-UTR,,Splice Junction ,2.0,0.0
37497,0,G3042.1,MiSeqSFPQc.csv,Splice Junction 5'-UTR to Exon from 5'-UTR to 5'-UTR,,Splice Junction ,1.0,0.0
52212,0,G473.1,MiSeqNONOc.csv,Splice Junction Exon from 5'-UTR to 3'-UTR to Splice Junction 5'-UTR to Exon from 5'-UTR to 3'-UTR,,Splice Junction ,2.0,0.0
62076,0,G1315.1,MiSeqNONOc.csv,Splice Junction Splice Junction Exon from Coding_Region to Coding_Region to Intron from Coding_Region to Coding_Region to Splice Junction Intron from Coding_Region to Coding_Region to Exon from Coding_Region to Coding_Region,,Splice Junction ,37.0,0.0
62500,0,G1315.2,MiSeqNONOc.csv,Splice Junction Splice Junction Exon from Coding_Region to Coding_Region to Intron from Coding_Region to Coding_Region to Splice Junction Intron from Coding_Region to Coding_Region to Exon from Coding_Region to Coding_Region,,Splice Junction ,37.0,0.0
62924,0,G1315.3,MiSeqNONOc.csv,Splice Junction Splice Junction Exon from Coding_Region to Coding_Region to Intron from Coding_Region to Coding_Region to Splice Junction Intron from Coding_Region to Coding_Region to Exon from Coding_Region to Coding_Region,,Splice Junction ,37.0,0.0
63348,0,G1315.4,MiSeqNONOc.csv,Splice Junction Splice Junction Exon from Coding_Region to Coding_Region to Intron from Coding_Region to Coding_Region to Splice Junction Intron from Coding_Region to Coding_Region to Exon from Coding_Region to Coding_Region,,Splice Junction ,37.0,0.0
63772,0,G1315.5,MiSeqNONOc.csv,Splice Junction Splice Junction Exon from Coding_Region to Coding_Region to Intron from Coding_Region to Coding_Region to Splice Junction Intron from Coding_Region to Coding_Region to Exon from Coding_Region to Coding_Region,,Splice Junction ,37.0,0.0
64196,0,G1315.6,MiSeqNONOc.csv,Splice Junction Splice Junction Exon from Coding_Region to Coding_Region to Intron from Coding_Region to Coding_Region to Splice Junction Intron from Coding_Region to Coding_Region to Exon from Coding_Region to Coding_Region,,Splice Junction ,37.0,0.0
6296,0,G320.1,MiSeqSFPQc.csv,Splice Junction Splice Junction Exon from 5'-UTR to 5'-UTR to Intron from 5'-UTR to 5'-UTR to Splice Junction Intron from 5'-UTR to 5'-UTR to Exon from 5'-UTR to 5'-UTR,,Splice Junction ,4.0,0.0
79903,0,G2942.1,MiSeqNONOc.csv,Splice Junction Splice Junction Exon from 5'-UTR to 5'-UTR to Intron from 5'-UTR to 5'-UTR to Splice Junction Intron from 5'-UTR to 5'-UTR to Exon from 5'-UTR to Coding_Region,,Splice Junction ,4.0,0.0
52308,0,G479.1,MiSeqNONOc.csv,Splice Junction Exon from 5'-UTR to 3'-UTR to Splice Junction 5'-UTR to Exon from 5'-UTR to 3'-UTR,,Splice Junction ,2.0,0.0
70016,0,G1948.1,MiSeqNONOc.csv,Splice Junction Splice Junction Exon from Coding_Region to Coding_Region to Intron from Coding_Region to Coding_Region to Splice Junction Intron from Coding_Region to Coding_Region to Exon from Coding_Region to Coding_Region,,Splice Junction ,33.0,0.0
73229,64842,G2278.1,MiSeqNONOc.csv,Splice Junction Intron from Coding_Region to Coding_Region to Splice Junction Intron from Coding_Region to Coding_Region to Exon from Coding_Region to 3'-UTR,,Splice Junction ,53.0,0.3209237408932531
40490,0,G3298.1,MiSeqSFPQc.csv,Splice Junction Splice Junction Exon from Coding_Region to Coding_Region to Intron from Coding_Region to Coding_Region to Splice Junction Intron from Coding_Region to Coding_Region to Exon from Coding_Region to Coding_Region,,Splice Junction ,29.0,0.0
31003,0,G2609.1,MiSeqSFPQc.csv,Splice Junction Splice Junction Exon from 5'-UTR to Coding_Region to Intron from Coding_Region to Coding_Region to Splice Junction Intron from Coding_Region to Coding_Region to Exon from Coding_Region to Coding_Region,,Splice Junction ,5.0,0.0
36692,0,G2946.1,MiSeqSFPQc.csv,Splice Junction 3'-UTR to Translation_End,,Splice Junction ,48.0,0.0
41217,0,G3403.1,MiSeqSFPQc.csv,Splice Junction Splice Junction Exon from 3'-UTR to 3'-UTR to Intron from 3'-UTR to 3'-UTR to Splice Junction Intron from 3'-UTR to 3'-UTR to Exon from 3'-UTR to 3'-UTR,,Splice Junction ,95.0,0.0
11501,0,G836.1,MiSeqSFPQc.csv,Splice Junction 3'-UTR to Translation_End,,Splice Junction ,36.0,0.0
9916,0,G687.1,MiSeqSFPQc.csv,Splice Junction Splice Junction Exon from 5'-UTR to Coding_Region to Intron from Coding_Region to Coding_Region to Splice Junction Intron from Coding_Region to Coding_Region to Exon from Coding_Region to Coding_Region,,Splice Junction ,5.0,0.0
12529,0,G1179.1,MiSeqSFPQc.csv,Splice Junction Splice Junction Exon from Coding_Region to Coding_Region to Intron from Coding_Region to Coding_Region to Splice Junction Intron from Coding_Region to Coding_Region to Exon from Coding_Region to Coding_Region,,Splice Junction ,13.0,0.0
74604,0,G2361.1,MiSeqNONOc.csv,Splice Junction Splice Junction Exon from Coding_Region to Coding_Region to Intron from Coding_Region to Coding_Region to Splice Junction Intron from Coding_Region to Coding_Region to Exon from Coding_Region to Coding_Region,,Splice Junction ,41.0,0.0
49693,928,G118.1,MiSeqNONOc.csv,Splice Junction Exon from Coding_Region to Coding_Region to Splice Junction Exon from Coding_Region to Coding_Region to Intron from Coding_Region to Coding_Region,,Splice Junction ,11.0,0.09982788296041308
67659,2211,G1538.1,MiSeqNONOc.csv,Splice Junction Intron in a ncRNA to Splice Junction Intron in a ncRNA to Exon in a ncRNA,,Splice Junction ,15.0,0.020030984154594624
52122,3936,G340.1,MiSeqNONOc.csv,Splice Junction Intron from Coding_Region to Coding_Region to Splice Junction Intron from Coding_Region to Coding_Region to Exon from Coding_Region to 3'-UTR,,Splice Junction ,37.0,0.007073818603999152
80024,4133,G3028.1,MiSeqNONOc.csv,Splice Junction Intron from Coding_Region to Coding_Region to Splice Junction Intron from Coding_Region to Coding_Region to Exon from Coding_Region to 3'-UTR,,Splice Junction ,13.0,0.04446476600322754
72742,0,G2184.1,MiSeqNONOc.csv,Splice Junction Splice Junction Exon from 5'-UTR to Coding_Region to Intron from Coding_Region to Coding_Region to Splice Junction Intron from Coding_Region to Coding_Region to Exon from Coding_Region to Coding_Region,,Splice Junction ,5.0,0.0
77550,16393,G2712.1,MiSeqNONOc.csv,Splice Junction Exon in a ncRNA to Splice Junction Exon in a ncRNA to Intron in a ncRNA,,Splice Junction ,5.0,0.11235777930089103
11004,0,G810.2,MiSeqSFPQc.csv,Splice Junction Splice Junction Exon from 5'-UTR to Coding_Region to Intron from Coding_Region to Coding_Region to Splice Junction Intron from Coding_Region to Coding_Region to Exon from Coding_Region to Coding_Region,,Splice Junction ,5.0,0.0
61296,0,G1284.1,MiSeqNONOc.csv,Splice Junction Splice Junction Exon from 5'-UTR to Coding_Region to Intron from Coding_Region to Coding_Region to Splice Junction Intron from Coding_Region to Coding_Region to Exon from Coding_Region to Coding_Region,,Splice Junction ,5.0,0.0
10910,0,G810.1,MiSeqSFPQc.csv,Splice Junction Splice Junction Exon from 5'-UTR to Coding_Region to Intron from Coding_Region to Coding_Region to Splice Junction Intron from Coding_Region to Coding_Region to Exon from Coding_Region to Coding_Region,,Splice Junction ,5.0,0.0
37641,0,G3050.1,MiSeqSFPQc.csv,Splice Junction 5'-UTR to Exon from 5'-UTR to 5'-UTR,,Splice Junction ,1.0,0.0
272,0,G87.2,MiSeqSFPQc.csv,Splice Junction Splice Junction Exon from 5'-UTR to 5'-UTR to Intron from 5'-UTR to 5'-UTR to Splice Junction Intron from 5'-UTR to 5'-UTR to Exon from 5'-UTR to Coding_Region,,Splice Junction ,4.0,0.0
128,0,G87.1,MiSeqSFPQc.csv,Splice Junction Splice Junction Exon from 5'-UTR to 5'-UTR to Intron from 5'-UTR to 5'-UTR to Splice Junction Intron from 5'-UTR to 5'-UTR to Exon from 5'-UTR to Coding_Region,,Splice Junction ,4.0,0.0
36980,14053,G2962.1,MiSeqSFPQc.csv,Splice Junction Intron from Coding_Region to Coding_Region to Splice Junction Intron from Coding_Region to Coding_Region to Exon from Coding_Region to Coding_Region,,Splice Junction ,9.0,0.08106252884171666
37092,14035,G2962.2,MiSeqSFPQc.csv,Splice Junction Intron from Coding_Region to Coding_Region to Splice Junction Intron from Coding_Region to Coding_Region to Exon from Coding_Region to Coding_Region,,Splice Junction ,9.0,0.08095869866174435
25914,0,G2385.1,MiSeqSFPQc.csv,Splice Junction 3'-UTR to Splice Junction Exon from Coding_Region to 3'-UTR to Intron from 3'-UTR to 3'-UTR,,Splice Junction ,57.0,0.0
39722,0,G3278.1,MiSeqSFPQc.csv,Splice Junction Splice Junction Exon from 5'-UTR to Coding_Region to Intron from Coding_Region to Coding_Region to Splice Junction Intron from Coding_Region to Coding_Region to Exon from Coding_Region to Coding_Region,,Splice Junction ,5.0,0.0
52332,0,G482.3,MiSeqNONOc.csv,Splice Junction Exon from 5'-UTR to 3'-UTR to Splice Junction 5'-UTR to Exon from 5'-UTR to 3'-UTR,,Splice Junction ,2.0,0.0
52326,0,G482.2,MiSeqNONOc.csv,Splice Junction Exon from 5'-UTR to 3'-UTR to Splice Junction 5'-UTR to Exon from 5'-UTR to 3'-UTR,,Splice Junction ,2.0,0.0
52320,0,G482.1,MiSeqNONOc.csv,Splice Junction Exon from 5'-UTR to 3'-UTR to Splice Junction 5'-UTR to Exon from 5'-UTR to 3'-UTR,,Splice Junction ,2.0,0.0
52356,0,G482.7,MiSeqNONOc.csv,Splice Junction Exon from 5'-UTR to 3'-UTR to Splice Junction 5'-UTR to Exon from 5'-UTR to 3'-UTR,,Splice Junction ,2.0,0.0
52350,0,G482.6,MiSeqNONOc.csv,Splice Junction Exon from 5'-UTR to 3'-UTR to Splice Junction 5'-UTR to Exon from 5'-UTR to 3'-UTR,,Splice Junction ,2.0,0.0
52344,0,G482.5,MiSeqNONOc.csv,Splice Junction Exon from 5'-UTR to 3'-UTR to Splice Junction 5'-UTR to Exon from 5'-UTR to 3'-UTR,,Splice Junction ,2.0,0.0
52338,0,G482.4,MiSeqNONOc.csv,Splice Junction Exon from 5'-UTR to 3'-UTR to Splice Junction 5'-UTR to Exon from 5'-UTR to 3'-UTR,,Splice Junction ,2.0,0.0
22961,0,G1914.1,MiSeqSFPQc.csv,Splice Junction Splice Junction Exon from Coding_Region to Coding_Region to Intron from Coding_Region to Coding_Region to Splice Junction Intron from Coding_Region to Coding_Region to Exon from Coding_Region to Coding_Region,,Splice Junction ,85.0,0.0
52362,0,G482.8,MiSeqNONOc.csv,Splice Junction Exon from 5'-UTR to 3'-UTR to Splice Junction 5'-UTR to Exon from 5'-UTR to 3'-UTR,,Splice Junction ,2.0,0.0
12197,0,G1076.1,MiSeqSFPQc.csv,Splice Junction Splice Junction Exon from Coding_Region to Coding_Region to Intron from Coding_Region to Coding_Region to Splice Junction Intron from Coding_Region to Coding_Region to Exon from Coding_Region to Coding_Region,,Splice Junction ,21.0,0.0
37245,0,G3024.1,MiSeqSFPQc.csv,Splice Junction 5'-UTR to Exon from 5'-UTR to 5'-UTR,,Splice Junction ,1.0,0.0
52410,0,G484.3,MiSeqNONOc.csv,Splice Junction Exon from 5'-UTR to 3'-UTR to Splice Junction 5'-UTR to Exon from 5'-UTR to 3'-UTR,,Splice Junction ,2.0,0.0
6870,0,G366.1,MiSeqSFPQc.csv,Splice Junction Splice Junction Exon from Coding_Region to Coding_Region to Intron from Coding_Region to Coding_Region to Splice Junction Intron from Coding_Region to Coding_Region to Exon from Coding_Region to Coding_Region,,Splice Junction ,21.0,0.0
16965,0,G1459.1,MiSeqSFPQc.csv,Splice Junction Splice Junction Exon from 5'-UTR to 5'-UTR to Intron from 5'-UTR to 5'-UTR to Splice Junction Intron from 5'-UTR to 5'-UTR to Exon from 5'-UTR to 5'-UTR,,Splice Junction ,8.0,0.0
32027,0,G2627.2,MiSeqSFPQc.csv,Splice Junction Splice Junction Exon from Coding_Region to Coding_Region to Intron from Coding_Region to Coding_Region to Splice Junction Intron from Coding_Region to Coding_Region to Exon from Coding_Region to Coding_Region,,Splice Junction ,13.0,0.0
31917,0,G2627.1,MiSeqSFPQc.csv,Splice Junction Splice Junction Exon from Coding_Region to Coding_Region to Intron from Coding_Region to Coding_Region to Splice Junction Intron from Coding_Region to Coding_Region to Exon from Coding_Region to Coding_Region,,Splice Junction ,13.0,0.0
29563,0,G2603.1,MiSeqSFPQc.csv,Splice Junction Splice Junction Exon from 5'-UTR to Coding_Region to Intron from Coding_Region to Coding_Region to Splice Junction Intron from Coding_Region to Coding_Region to Exon from Coding_Region to Coding_Region,,Splice Junction ,5.0,0.0
27015,0,G2533.1,MiSeqSFPQc.csv,Splice Junction Splice Junction Exon from Coding_Region to Coding_Region to Intron from Coding_Region to Coding_Region to Splice Junction Intron from Coding_Region to Coding_Region to Exon from Coding_Region to Coding_Region,,Splice Junction ,129.0,0.0
51689,0,G257.1,MiSeqNONOc.csv,Splice Junction Splice Junction Exon from Coding_Region to Coding_Region to Intron from Coding_Region to Coding_Region to Splice Junction Intron from Coding_Region to Coding_Region to Exon from Coding_Region to Coding_Region,,Splice Junction ,29.0,0.0
37605,0,G3048.2,MiSeqSFPQc.csv,Splice Junction 5'-UTR to Exon from 5'-UTR to 5'-UTR,,Splice Junction ,1.0,0.0
37569,0,G3048.1,MiSeqSFPQc.csv,Splice Junction 5'-UTR to Exon from 5'-UTR to 5'-UTR,,Splice Junction ,1.0,0.0
57011,0,G911.1,MiSeqNONOc.csv,Splice Junction Splice Junction Exon from Coding_Region to Coding_Region to Intron from Coding_Region to Coding_Region to Splice Junction Intron from Coding_Region to Coding_Region to Exon from Coding_Region to Coding_Region,,Splice Junction ,21.0,0.0
74834,0,G2430.1,MiSeqNONOc.csv,Splice Junction 5'-UTR to Exon from 5'-UTR to 5'-UTR,,Splice Junction ,1.0,0.0
75410,0,G2472.1,MiSeqNONOc.csv,Splice Junction 5'-UTR to Exon from 5'-UTR to 5'-UTR,,Splice Junction ,1.0,0.0
79947,188,G3009.1,MiSeqNONOc.csv,Splice Junction Exon in a ncRNA to Splice Junction Exon in a ncRNA to Intron in a ncRNA,,Splice Junction ,1.0,0.022645145748012525
43672,0,G3576.1,MiSeqSFPQc.csv,Splice Junction Splice Junction Exon from 5'-UTR to 5'-UTR to Intron from 5'-UTR to 5'-UTR to Splice Junction Intron from 5'-UTR to 5'-UTR to Exon from 5'-UTR to Coding_Region,,Splice Junction ,4.0,0.0
74870,0,G2434.1,MiSeqNONOc.csv,Splice Junction 5'-UTR to Exon from 5'-UTR to 5'-UTR,,Splice Junction ,1.0,0.0
7863,0,G616.3,MiSeqSFPQc.csv,Splice Junction Exon from 5'-UTR to 3'-UTR to Splice Junction 5'-UTR to Exon from 5'-UTR to 3'-UTR,,Splice Junction ,2.0,0.0
79139,0,G2902.1,MiSeqNONOc.csv,Splice Junction Splice Junction Exon from 5'-UTR to 5'-UTR to Intron from 5'-UTR to 5'-UTR to Splice Junction Intron from 5'-UTR to 5'-UTR to Exon from 5'-UTR to 5'-UTR,,Splice Junction ,4.0,0.0
42880,0,G3518.1,MiSeqSFPQc.csv,Splice Junction Splice Junction Exon from 5'-UTR to 5'-UTR to Intron from 5'-UTR to 5'-UTR to Splice Junction Intron from 5'-UTR to 5'-UTR to Exon from 5'-UTR to 5'-UTR,,Splice Junction ,4.0,0.0
59383,8273,G1103.1,MiSeqNONOc.csv,Splice Junction Intron in a ncRNA to Splice Junction Intron in a ncRNA to Exon in a ncRNA,,Splice Junction ,47.0,0.14580028902752812
43156,0,G3518.2,MiSeqSFPQc.csv,Splice Junction Splice Junction Exon from 5'-UTR to 5'-UTR to Intron from 5'-UTR to 5'-UTR to Splice Junction Intron from 5'-UTR to 5'-UTR to Exon from 5'-UTR to 5'-UTR,,Splice Junction ,4.0,0.0
48025,0,G8.1,MiSeqNONOc.csv,Splice Junction Splice Junction Exon from Coding_Region to Coding_Region to Intron from Coding_Region to Coding_Region to Splice Junction Intron from Coding_Region to Coding_Region to Exon from Coding_Region to 3'-UTR,,Splice Junction ,13.0,0.0
75544,0,G2527.1,MiSeqNONOc.csv,Splice Junction Splice Junction Exon from 5'-UTR to 5'-UTR to Intron from 5'-UTR to 5'-UTR to Splice Junction Intron from 5'-UTR to 5'-UTR to Exon from 5'-UTR to 5'-UTR,,Splice Junction ,4.0,0.0
37205,96115,G3008.1,MiSeqSFPQc.csv,Splice Junction Exon in a ncRNA to Splice Junction Exon in a ncRNA to Intron in a ncRNA,,Splice Junction ,1.0,0.46606183447446514
80001,641,G3014.1,MiSeqNONOc.csv,Splice Junction Exon in a ncRNA to Splice Junction Exon in a ncRNA to Intron in a ncRNA,,Splice Junction ,1.0,0.18914133962820892
6288,0,G312.1,MiSeqSFPQc.csv,Splice Junction Splice Junction Exon from Coding_Region to Coding_Region to Intron from Coding_Region to Coding_Region to Splice Junction Intron from Coding_Region to Coding_Region to Exon from Coding_Region to 3'-UTR,,Splice Junction ,141.0,0.0
71018,0,G2085.1,MiSeqNONOc.csv,Splice Junction Splice Junction Exon from 5'-UTR to Coding_Region to Intron from Coding_Region to Coding_Region to Splice Junction Intron from Coding_Region to Coding_Region to Exon from Coding_Region to Coding_Region,,Splice Junction ,5.0,0.0
68456,0,G1681.1,MiSeqNONOc.csv,Splice Junction Splice Junction Exon from 5'-UTR to 5'-UTR to Intron from 5'-UTR to 5'-UTR to Splice Junction Intron from 5'-UTR to 5'-UTR to Exon from 5'-UTR to Coding_Region,,Splice Junction ,4.0,0.0
75642,14485,G2531.1,MiSeqNONOc.csv,Splice Junction Exon in a ncRNA to Splice Junction Exon in a ncRNA to Intron in a ncRNA,,Splice Junction ,5.0,0.1841891101447064
40639,2480,G3355.1,MiSeqSFPQc.csv,Splice Junction Intron in a ncRNA to Splice Junction Intron in a ncRNA to Exon in a ncRNA,,Splice Junction ,7.0,0.040813639655058916
1290,0,G136.1,MiSeqSFPQc.csv,Splice Junction Splice Junction Exon from Coding_Region to Coding_Region to Intron from Coding_Region to Coding_Region to Splice Junction Intron from Coding_Region to Coding_Region to Exon from Coding_Region to Coding_Region,,Splice Junction ,33.0,0.0
58157,0,G999.1,MiSeqNONOc.csv,Splice Junction Splice Junction Exon from Coding_Region to Coding_Region to Intron from Coding_Region to Coding_Region to Splice Junction Intron from Coding_Region to Coding_Region to Exon from Coding_Region to Coding_Region,,Splice Junction ,9.0,0.0
64926,0,G1457.1,MiSeqNONOc.csv,Splice Junction Splice Junction Exon from 5'-UTR to Coding_Region to Intron from Coding_Region to Coding_Region to Splice Junction Intron from Coding_Region to Coding_Region to Exon from Coding_Region to Coding_Region,,Splice Junction ,5.0,0.0
51948,125958,G318.1,MiSeqNONOc.csv,Splice Junction Intron from Coding_Region to Coding_Region to Splice Junction Intron from Coding_Region to Coding_Region to Exon from Coding_Region to 3'-UTR,,Splice Junction ,37.0,0.22637297858803992
28159,299,G2555.1,MiSeqSFPQc.csv,Splice Junction Exon from Coding_Region to Coding_Region to Splice Junction Exon from Coding_Region to Coding_Region to Intron from Coding_Region to Coding_Region,,Splice Junction ,7.0,0.007435221564629234
23302,3113,G1941.1,MiSeqSFPQc.csv,Splice Junction Intron in a ncRNA to Splice Junction Intron in a ncRNA to Exon in a ncRNA,,Splice Junction ,15.0,0.02820282843656855
42425,3053,G3457.1,MiSeqSFPQc.csv,Splice Junction Intron in a ncRNA to Splice Junction Intron in a ncRNA to Exon in a ncRNA,,Splice Junction ,3.0,0.26082870568133276
36581,5173,G2933.1,MiSeqSFPQc.csv,Splice Junction Exon in a ncRNA to Splice Junction Exon in a ncRNA to Intron in a ncRNA,,Splice Junction ,21.0,0.06081017538910048
59439,0,G1135.1,MiSeqNONOc.csv,Splice Junction Splice Junction Exon from 3'-UTR to 3'-UTR to Intron from 3'-UTR to 3'-UTR to Splice Junction Intron from 3'-UTR to 3'-UTR to Exon from 3'-UTR to 3'-UTR,,Splice Junction ,27.0,0.0
17153,0,G1461.1,MiSeqSFPQc.csv,Splice Junction Splice Junction Exon from 5'-UTR to 5'-UTR to Intron from 5'-UTR to 5'-UTR to Splice Junction Intron from 5'-UTR to 5'-UTR to Exon from 5'-UTR to 5'-UTR,,Splice Junction ,8.0,0.0
11406,0,G828.1,MiSeqSFPQc.csv,Splice Junction 5'-UTR to Exon from 5'-UTR to 5'-UTR,,Splice Junction ,1.0,0.0
37461,0,G3038.1,MiSeqSFPQc.csv,Splice Junction 5'-UTR to Exon from 5'-UTR to 5'-UTR,,Splice Junction ,1.0,0.0
67635,2493,G1536.1,MiSeqNONOc.csv,Splice Junction Intron in a ncRNA to Splice Junction Intron in a ncRNA to Exon in a ncRNA,,Splice Junction ,15.0,0.022585817954502214
28469,0,G2575.1,MiSeqSFPQc.csv,Splice Junction Splice Junction Exon from Coding_Region to Coding_Region to Intron from Coding_Region to Coding_Region to Splice Junction Intron from Coding_Region to Coding_Region to Exon from Coding_Region to Coding_Region,,Splice Junction ,17.0,0.0
74782,0,G2412.1,MiSeqNONOc.csv,Splice Junction 5'-UTR to Exon from 5'-UTR to 5'-UTR,,Splice Junction ,1.0,0.0
78378,4347,G2847.1,MiSeqNONOc.csv,Splice Junction Intron in a ncRNA to Splice Junction Intron in a ncRNA to Exon in a ncRNA,,Splice Junction ,3.0,0.37137975224263137
19499,62247,G1582.1,MiSeqSFPQc.csv,Splice Junction Intron in a ncRNA to Splice Junction Intron in a ncRNA to Exon in a ncRNA,,Splice Junction ,7.0,0.114199591980509
10346,0,G798.1,MiSeqSFPQc.csv,Splice Junction Splice Junction Exon from 5'-UTR to Coding_Region to Intron from Coding_Region to Coding_Region to Splice Junction Intron from Coding_Region to Coding_Region to Exon from Coding_Region to Coding_Region,,Splice Junction ,5.0,0.0
7857,0,G616.2,MiSeqSFPQc.csv,Splice Junction Exon from 5'-UTR to 3'-UTR to Splice Junction 5'-UTR to Exon from 5'-UTR to 3'-UTR,,Splice Junction ,2.0,0.0
28085,0,G2545.1,MiSeqSFPQc.csv,Splice Junction Splice Junction Exon from 5'-UTR to Coding_Region to Intron from Coding_Region to Coding_Region to Splice Junction Intron from Coding_Region to Coding_Region to Exon from Coding_Region to Coding_Region,,Splice Junction ,5.0,0.0
50762,0,G201.1,MiSeqNONOc.csv,Splice Junction Splice Junction Exon from Coding_Region to 3'-UTR to Intron from 3'-UTR to 3'-UTR to Splice Junction Intron from 3'-UTR to 3'-UTR to Exon from 3'-UTR to 3'-UTR,,Splice Junction ,15.0,0.0
72645,0,G2106.1,MiSeqNONOc.csv,Splice Junction 5'-UTR to Exon from 5'-UTR to 5'-UTR,,Splice Junction ,1.0,0.0
74798,0,G2422.1,MiSeqNONOc.csv,Splice Junction 5'-UTR to Exon from 5'-UTR to 5'-UTR,,Splice Junction ,1.0,0.0
32185,0,G2637.1,MiSeqSFPQc.csv,Splice Junction Splice Junction Exon from 5'-UTR to 5'-UTR to Intron from 5'-UTR to 5'-UTR to Splice Junction Intron from 5'-UTR to 5'-UTR to Exon from 5'-UTR to Coding_Region,,Splice Junction ,4.0,0.0
37749,0,G3056.1,MiSeqSFPQc.csv,Splice Junction 5'-UTR to Exon from 5'-UTR to 5'-UTR,,Splice Junction ,1.0,0.0
7803,0,G610.1,MiSeqSFPQc.csv,Splice Junction Exon from 5'-UTR to 3'-UTR to Splice Junction 5'-UTR to Exon from 5'-UTR to 3'-UTR,,Splice Junction ,2.0,0.0
79875,0,G2912.1,MiSeqNONOc.csv,Splice Junction 5'-UTR to Exon from 5'-UTR to 5'-UTR,,Splice Junction ,1.0,0.0
79891,0,G2912.2,MiSeqNONOc.csv,Splice Junction 5'-UTR to Exon from 5'-UTR to 5'-UTR,,Splice Junction ,1.0,0.0
75971,0,G2590.1,MiSeqNONOc.csv,Splice Junction 3'-UTR to Intron from 3'-UTR to 3'-UTR,,Splice Junction ,49.0,0.0
7827,0,G612.2,MiSeqSFPQc.csv,Splice Junction Exon from 5'-UTR to 3'-UTR to Splice Junction 5'-UTR to Exon from 5'-UTR to 3'-UTR,,Splice Junction ,2.0,0.0
7821,0,G612.1,MiSeqSFPQc.csv,Splice Junction Exon from 5'-UTR to 3'-UTR to Splice Junction 5'-UTR to Exon from 5'-UTR to 3'-UTR,,Splice Junction ,2.0,0.0
78427,148,G2855.1,MiSeqNONOc.csv,Splice Junction Intron in a ncRNA to Exon in a ncRNA,,Splice Junction ,2.0,0.012644169158479282
34676,91812,G2779.1,MiSeqSFPQc.csv,Splice Junction Intron from Coding_Region to Coding_Region to Splice Junction Intron from Coding_Region to Coding_Region to Exon from Coding_Region to 3'-UTR,,Splice Junction ,17.0,0.3122782790885931
18551,0,G1506.1,MiSeqSFPQc.csv,Splice Junction Splice Junction Exon from Coding_Region to Coding_Region to Intron from Coding_Region to Coding_Region to Splice Junction Intron from Coding_Region to Coding_Region to Exon from Coding_Region to 3'-UTR,,Splice Junction ,105.0,0.0
78396,1457,G2853.1,MiSeqNONOc.csv,Splice Junction Intron in a ncRNA to Splice Junction Intron in a ncRNA to Exon in a ncRNA,,Splice Junction ,3.0,0.12447671935070483
18722,15847,G1512.1,MiSeqSFPQc.csv,Splice Junction Exon from Coding_Region to Coding_Region to Splice Junction Exon from Coding_Region to Coding_Region to Intron from Coding_Region to Coding_Region,,Splice Junction ,51.0,0.0972894987260951
76771,0,G2633.1,MiSeqNONOc.csv,Splice Junction 3'-UTR to Splice Junction Exon from Coding_Region to 3'-UTR to Intron from 3'-UTR to 3'-UTR,,Splice Junction ,73.0,0.0
5676,0,G235.4,MiSeqSFPQc.csv,Splice Junction Splice Junction Exon from Coding_Region to Coding_Region to Intron from Coding_Region to Coding_Region to Splice Junction Intron from Coding_Region to Coding_Region to Exon from Coding_Region to Coding_Region,,Splice Junction ,141.0,0.0
5006,0,G235.3,MiSeqSFPQc.csv,Splice Junction Splice Junction Exon from Coding_Region to Coding_Region to Intron from Coding_Region to Coding_Region to Splice Junction Intron from Coding_Region to Coding_Region to Exon from Coding_Region to Coding_Region,,Splice Junction ,141.0,0.0
4336,0,G235.2,MiSeqSFPQc.csv,Splice Junction Splice Junction Exon from Coding_Region to Coding_Region to Intron from Coding_Region to Coding_Region to Splice Junction Intron from Coding_Region to Coding_Region to Exon from Coding_Region to Coding_Region,,Splice Junction ,141.0,0.0
3666,0,G235.1,MiSeqSFPQc.csv,Splice Junction Splice Junction Exon from Coding_Region to Coding_Region to Intron from Coding_Region to Coding_Region to Splice Junction Intron from Coding_Region to Coding_Region to Exon from Coding_Region to Coding_Region,,Splice Junction ,141.0,0.0
7941,0,G625.1,MiSeqSFPQc.csv,Splice Junction Exon from 5'-UTR to 3'-UTR to Splice Junction 5'-UTR to Exon from 5'-UTR to 3'-UTR,,Splice Junction ,2.0,0.0
34695,0,G2823.1,MiSeqSFPQc.csv,Splice Junction Splice Junction Exon from 5'-UTR to Coding_Region to Intron from Coding_Region to Coding_Region to Splice Junction Intron from Coding_Region to Coding_Region to Exon from Coding_Region to Coding_Region,,Splice Junction ,5.0,0.0
66044,0,G1510.1,MiSeqNONOc.csv,Splice Junction Splice Junction Exon from Coding_Region to Coding_Region to Intron from Coding_Region to Coding_Region to Splice Junction Intron from Coding_Region to Coding_Region to Exon from Coding_Region to Coding_Region,,Splice Junction ,85.0,0.0
77618,0,G2718.1,MiSeqNONOc.csv,Splice Junction Splice Junction Exon in a ncRNA to Intron in a ncRNA to Splice Junction Intron in a ncRNA to Exon in a ncRNA,,Splice Junction ,15.0,0.0
10534,0,G799.1,MiSeqSFPQc.csv,Splice Junction Splice Junction Exon from 5'-UTR to Coding_Region to Intron from Coding_Region to Coding_Region to Splice Junction Intron from Coding_Region to Coding_Region to Exon from Coding_Region to Coding_Region,,Splice Junction ,5.0,0.0
7845,0,G614.1,MiSeqSFPQc.csv,Splice Junction Exon from 5'-UTR to 3'-UTR to Splice Junction 5'-UTR to Exon from 5'-UTR to 3'-UTR,,Splice Junction ,2.0,0.0
55917,0,G783.1,MiSeqNONOc.csv,Splice Junction Splice Junction Exon from Coding_Region to Coding_Region to Intron from Coding_Region to Coding_Region to Splice Junction Intron from Coding_Region to Coding_Region to Exon from Coding_Region to Coding_Region,,Splice Junction ,85.0,0.0
78211,0,G2769.1,MiSeqNONOc.csv,Splice Junction Splice Junction Exon from Coding_Region to Coding_Region to Intron from Coding_Region to Coding_Region to Splice Junction Intron from Coding_Region to Coding_Region to Exon from Coding_Region to Coding_Region,,Splice Junction ,17.0,0.0
72660,52450,G2128.1,MiSeqNONOc.csv,Splice Junction Translation_Start to Intron from Coding_Region to Coding_Region,,Splice Junction ,2.0,0.24520804114071995
60629,33385,G1217.2,MiSeqNONOc.csv,Splice Junction Intron from Coding_Region to Coding_Region to Splice Junction Intron from Coding_Region to Coding_Region to Exon from Coding_Region to 3'-UTR,,Splice Junction ,53.0,0.20496055499278631
60359,33416,G1217.1,MiSeqNONOc.csv,Splice Junction Intron from Coding_Region to Coding_Region to Splice Junction Intron from Coding_Region to Coding_Region to Exon from Coding_Region to 3'-UTR,,Splice Junction ,53.0,0.20515087331552936
7974,0,G638.1,MiSeqSFPQc.csv,Splice Junction 5'-UTR to Exon from 5'-UTR to 5'-UTR,,Splice Junction ,1.0,0.0
42444,31,G3461.1,MiSeqSFPQc.csv,Splice Junction Intron in a ncRNA to Exon in a ncRNA,,Splice Junction ,2.0,0.002648440837249039
68751,0,G1888.1,MiSeqNONOc.csv,Splice Junction 3'-UTR to Splice Junction Exon from Coding_Region to 3'-UTR to Intron from 3'-UTR to 3'-UTR,,Splice Junction ,57.0,0.0
28671,0,G2589.1,MiSeqSFPQc.csv,Splice Junction Splice Junction Exon from 5'-UTR to 5'-UTR to Intron from 5'-UTR to 5'-UTR to Splice Junction Intron from 5'-UTR to 5'-UTR to Exon from 5'-UTR to Coding_Region,,Splice Junction ,4.0,0.0
79959,1016,G3012.1,MiSeqNONOc.csv,Splice Junction Exon in a ncRNA to Splice Junction Exon in a ncRNA to Intron in a ncRNA,,Splice Junction ,1.0,0.17568735950198858
37193,64567,G3002.1,MiSeqSFPQc.csv,Splice Junction Exon in a ncRNA to Splice Junction Exon in a ncRNA to Intron in a ncRNA,,Splice Junction ,1.0,0.3130855170006013
78363,2165,G2839.1,MiSeqNONOc.csv,Splice Junction Exon in a ncRNA to Splice Junction Exon in a ncRNA to Intron in a ncRNA,,Splice Junction ,1.0,0.18496369073045707
68378,0,G1661.1,MiSeqNONOc.csv,Splice Junction Splice Junction Exon from Coding_Region to Coding_Region to Intron from Coding_Region to Coding_Region to Splice Junction Intron from Coding_Region to Coding_Region to Exon from Coding_Region to Coding_Region,,Splice Junction ,9.0,0.0
2420,0,G194.1,MiSeqSFPQc.csv,Splice Junction Splice Junction Exon from Coding_Region to Coding_Region to Intron from Coding_Region to Coding_Region to Splice Junction Intron from Coding_Region to Coding_Region to Exon from Coding_Region to Coding_Region,,Splice Junction ,25.0,0.0
8164,0,G649.1,MiSeqSFPQc.csv,Splice Junction Splice Junction Exon from Coding_Region to Coding_Region to Intron from Coding_Region to Coding_Region to Splice Junction Intron from Coding_Region to Coding_Region to Exon from Coding_Region to Coding_Region,,Splice Junction ,41.0,0.0
7947,0,G626.1,MiSeqSFPQc.csv,Splice Junction Exon from 5'-UTR to 3'-UTR to Splice Junction 5'-UTR to Exon from 5'-UTR to 3'-UTR,,Splice Junction ,2.0,0.0
50140,1866,G192.1,MiSeqNONOc.csv,Splice Junction Intron in a ncRNA to Splice Junction Intron in a ncRNA to Exon in a ncRNA,,Splice Junction ,63.0,0.020840546366306667
2199,0,G175.1,MiSeqSFPQc.csv,Splice Junction 3'-UTR to Splice Junction Exon from Coding_Region to 3'-UTR to Intron from 3'-UTR to 3'-UTR,,Splice Junction ,41.0,0.0
53089,0,G602.1,MiSeqNONOc.csv,Splice Junction Splice Junction Exon from 5'-UTR to Coding_Region to Intron from Coding_Region to Coding_Region to Splice Junction Intron from Coding_Region to Coding_Region to Exon from Coding_Region to Coding_Region,,Splice Junction ,5.0,0.0
37317,0,G3034.1,MiSeqSFPQc.csv,Splice Junction 5'-UTR to Exon from 5'-UTR to 5'-UTR,,Splice Junction ,1.0,0.0
38025,51672,G3127.1,MiSeqSFPQc.csv,Splice Junction Exon in a ncRNA to Splice Junction Exon in a ncRNA to Intron in a ncRNA,,Splice Junction ,1.0,0.16172769953051644
19248,0,G1533.1,MiSeqSFPQc.csv,Splice Junction Splice Junction Exon from Coding_Region to Coding_Region to Intron from Coding_Region to Coding_Region to Splice Junction Intron from Coding_Region to Coding_Region to Exon from Coding_Region to Coding_Region,,Splice Junction ,21.0,0.0
37836,0,G3103.1,MiSeqSFPQc.csv,Splice Junction Exon from Coding_Region to 3'-UTR to Translation_End,,Splice Junction ,19.0,0.0
75266,0,G2466.1,MiSeqNONOc.csv,Splice Junction 5'-UTR to Exon from 5'-UTR to 5'-UTR,,Splice Junction ,1.0,0.0
53841,0,G646.1,MiSeqNONOc.csv,Splice Junction Splice Junction Exon from 5'-UTR to Coding_Region to Intron from Coding_Region to Coding_Region to Splice Junction Intron from Coding_Region to Coding_Region to Exon from Coding_Region to Coding_Region,,Splice Junction ,5.0,0.0
13740,0,G1271.1,MiSeqSFPQc.csv,Splice Junction Splice Junction Exon from 5'-UTR to 5'-UTR to Intron from 5'-UTR to 5'-UTR to Splice Junction Intron from 5'-UTR to 5'-UTR to Exon from 5'-UTR to 5'-UTR,,Splice Junction ,4.0,0.0
13332,0,G1206.1,MiSeqSFPQc.csv,Splice Junction Splice Junction Exon from Coding_Region to Coding_Region to Intron from Coding_Region to Coding_Region to Splice Junction Intron from Coding_Region to Coding_Region to Exon from Coding_Region to Coding_Region,,Splice Junction ,9.0,0.0
43432,0,G3520.1,MiSeqSFPQc.csv,Splice Junction Splice Junction Exon from 5'-UTR to 5'-UTR to Intron from 5'-UTR to 5'-UTR to Splice Junction Intron from 5'-UTR to 5'-UTR to Exon from 5'-UTR to 5'-UTR,,Splice Junction ,4.0,0.0
76001,9128,G2591.1,MiSeqNONOc.csv,Splice Junction Intron from Coding_Region to Coding_Region to Splice Junction Intron from Coding_Region to Coding_Region to Exon from Coding_Region to 3'-UTR,,Splice Junction ,5.0,0.2831704668838219
70408,0,G2071.1,MiSeqNONOc.csv,Splice Junction Splice Junction Exon from 5'-UTR to 5'-UTR to Intron from 5'-UTR to 5'-UTR to Splice Junction Intron from 5'-UTR to 5'-UTR to Exon from 5'-UTR to Coding_Region,,Splice Junction ,4.0,0.0
75014,0,G2444.1,MiSeqNONOc.csv,Splice Junction 5'-UTR to Exon from 5'-UTR to 5'-UTR,,Splice Junction ,1.0,0.0
8025,0,G644.1,MiSeqSFPQc.csv,Splice Junction 3'-UTR to Splice Junction Exon from Coding_Region to 3'-UTR to Intron from 3'-UTR to 3'-UTR,,Splice Junction ,9.0,0.0
1900,0,G153.1,MiSeqSFPQc.csv,Splice Junction Splice Junction Exon from 5'-UTR to Coding_Region to Intron from Coding_Region to Coding_Region to Splice Junction Intron from Coding_Region to Coding_Region to Exon from Coding_Region to Coding_Region,,Splice Junction ,5.0,0.0
70256,0,G2065.1,MiSeqNONOc.csv,Splice Junction Splice Junction Exon from 5'-UTR to 5'-UTR to Intron from 5'-UTR to 5'-UTR to Splice Junction Intron from 5'-UTR to 5'-UTR to Exon from 5'-UTR to Coding_Region,,Splice Junction ,4.0,0.0
75050,0,G2446.1,MiSeqNONOc.csv,Splice Junction 5'-UTR to Exon from 5'-UTR to 5'-UTR,,Splice Junction ,1.0,0.0
20426,0,G1637.1,MiSeqSFPQc.csv,Splice Junction Splice Junction Exon from Coding_Region to Coding_Region to Intron from Coding_Region to Coding_Region to Splice Junction Intron from Coding_Region to Coding_Region to Exon from Coding_Region to Coding_Region,,Splice Junction ,37.0,0.0
54311,0,G658.1,MiSeqNONOc.csv,Splice Junction Splice Junction Exon from 5'-UTR to Coding_Region to Intron from Coding_Region to Coding_Region to Splice Junction Intron from Coding_Region to Coding_Region to Exon from Coding_Region to Coding_Region,,Splice Junction ,5.0,0.0
67683,1553,G1619.1,MiSeqNONOc.csv,Splice Junction Intron in a ncRNA to Splice Junction Intron in a ncRNA to Exon in a ncRNA,,Splice Junction ,15.0,0.14014980597419005
38937,0,G3227.1,MiSeqSFPQc.csv,Splice Junction Splice Junction Exon from Coding_Region to Coding_Region to Intron from Coding_Region to Coding_Region to Splice Junction Intron from Coding_Region to Coding_Region to Exon from Coding_Region to Coding_Region,,Splice Junction ,57.0,0.0
7797,0,G608.1,MiSeqSFPQc.csv,Splice Junction Exon from 5'-UTR to 3'-UTR to Splice Junction 5'-UTR to Exon from 5'-UTR to 3'-UTR,,Splice Junction ,2.0,0.0
67779,1515,G1619.2,MiSeqNONOc.csv,Splice Junction Intron in a ncRNA to Splice Junction Intron in a ncRNA to Exon in a ncRNA,,Splice Junction ,15.0,0.1367205125891165
14851,0,G1383.1,MiSeqSFPQc.csv,Splice Junction Splice Junction Exon from 3'-UTR to 3'-UTR to Intron from 3'-UTR to 3'-UTR to Splice Junction Intron from 3'-UTR to 3'-UTR to Exon from 3'-UTR to 3'-UTR,,Splice Junction ,27.0,0.0
68241,0,G1647.1,MiSeqNONOc.csv,Splice Junction Splice Junction Exon from Coding_Region to 3'-UTR to Intron from 3'-UTR to 3'-UTR to Splice Junction Intron from 3'-UTR to 3'-UTR to Exon from 3'-UTR to 3'-UTR,,Splice Junction ,15.0,0.0
45657,0,G3682.1,MiSeqSFPQc.csv,Splice Junction 5'-UTR to Exon from 5'-UTR to 5'-UTR,,Splice Junction ,1.0,0.0
70560,0,G2075.1,MiSeqNONOc.csv,Splice Junction Splice Junction Exon from 5'-UTR to 5'-UTR to Intron from 5'-UTR to 5'-UTR to Splice Junction Intron from 5'-UTR to 5'-UTR to Exon from 5'-UTR to Coding_Region,,Splice Junction ,4.0,0.0
58990,617,G1041.1,MiSeqNONOc.csv,Splice Junction Exon in a ncRNA to Splice Junction Exon in a ncRNA to Intron in a ncRNA,,Splice Junction ,1.0,0.011174904460905946
28823,0,G2595.1,MiSeqSFPQc.csv,Splice Junction Splice Junction Exon from 5'-UTR to 5'-UTR to Intron from 5'-UTR to 5'-UTR to Splice Junction Intron from 5'-UTR to 5'-UTR to Exon from 5'-UTR to Coding_Region,,Splice Junction ,4.0,0.0
33671,0,G2715.1,MiSeqSFPQc.csv,Splice Junction Splice Junction Exon from 5'-UTR to Coding_Region to Intron from Coding_Region to Coding_Region to Splice Junction Intron from Coding_Region to Coding_Region to Exon from Coding_Region to Coding_Region,,Splice Junction ,5.0,0.0
80234,7571,G3090.1,MiSeqNONOc.csv,Splice Junction Intron in a ncRNA to Splice Junction Intron in a ncRNA to Exon in a ncRNA,,Splice Junction ,3.0,0.18672158236121045
43660,0,G3524.1,MiSeqSFPQc.csv,Splice Junction 5'-UTR to Exon from 5'-UTR to 5'-UTR,,Splice Junction ,1.0,0.0
15629,0,G1389.1,MiSeqSFPQc.csv,Splice Junction 3'-UTR to Translation_End,,Splice Junction ,44.0,0.0
59160,0,G1043.1,MiSeqNONOc.csv,Splice Junction Splice Junction Exon from 5'-UTR to 5'-UTR to Intron from 5'-UTR to 5'-UTR to Splice Junction Intron from 5'-UTR to 5'-UTR to Exon from 5'-UTR to 5'-UTR,,Splice Junction ,4.0,0.0
2092,9131,G157.1,MiSeqSFPQc.csv,Splice Junction Exon from Coding_Region to Coding_Region to Splice Junction Exon from Coding_Region to Coding_Region to Intron from Coding_Region to Coding_Region,,Splice Junction ,7.0,0.021762030964002442
48223,0,G27.1,MiSeqNONOc.csv,Splice Junction Splice Junction Exon from Coding_Region to Coding_Region to Intron from Coding_Region to Coding_Region to Splice Junction Intron from Coding_Region to Coding_Region to Exon from Coding_Region to Coding_Region,,Splice Junction ,13.0,0.0
74758,69593,G2404.1,MiSeqNONOc.csv,Splice Junction Exon in a ncRNA to Splice Junction Exon in a ncRNA to Intron in a ncRNA,,Splice Junction ,1.0,0.3374566014314254
21180,0,G1776.1,MiSeqSFPQc.csv,Splice Junction Splice Junction Exon from 5'-UTR to 5'-UTR to Intron from 5'-UTR to 5'-UTR to Splice Junction Intron from 5'-UTR to 5'-UTR to Exon from 5'-UTR to Coding_Region,,Splice Junction ,4.0,0.0
61652,0,G1312.1,MiSeqNONOc.csv,Splice Junction Splice Junction Exon from Coding_Region to Coding_Region to Intron from Coding_Region to Coding_Region to Splice Junction Intron from Coding_Region to Coding_Region to Exon from Coding_Region to Coding_Region,,Splice Junction ,37.0,0.0
64637,0,G1343.1,MiSeqNONOc.csv,Splice Junction 3'-UTR to Translation_End,,Splice Junction ,44.0,0.0
13904,0,G1275.1,MiSeqSFPQc.csv,Splice Junction Splice Junction Exon from Coding_Region to Coding_Region to Intron from Coding_Region to Coding_Region to Splice Junction Intron from Coding_Region to Coding_Region to Exon from Coding_Region to Coding_Region,,Splice Junction ,9.0,0.0
13844,0,G1273.1,MiSeqSFPQc.csv,Splice Junction Splice Junction Exon from 5'-UTR to 5'-UTR to Intron from 5'-UTR to 5'-UTR to Splice Junction Intron from 5'-UTR to 5'-UTR to Exon from 5'-UTR to 5'-UTR,,Splice Junction ,4.0,0.0
76352,0,G2625.1,MiSeqNONOc.csv,Splice Junction Splice Junction Exon from Coding_Region to Coding_Region to Intron from Coding_Region to Coding_Region to Splice Junction Intron from Coding_Region to Coding_Region to Exon from Coding_Region to Coding_Region,,Splice Junction ,17.0,0.0
78369,448,G2843.1,MiSeqNONOc.csv,Splice Junction Exon in a ncRNA to Splice Junction Exon in a ncRNA to Intron in a ncRNA,,Splice Junction ,1.0,0.03827424177701837
14322,14888,G1341.1,MiSeqSFPQc.csv,Splice Junction Exon in a ncRNA to Splice Junction Exon in a ncRNA to Intron in a ncRNA,,Splice Junction ,45.0,0.2623805999083571
49755,0,G143.1,MiSeqNONOc.csv,Splice Junction Splice Junction Exon from Coding_Region to Coding_Region to Intron from Coding_Region to Coding_Region to Splice Junction Intron from Coding_Region to Coding_Region to Exon from Coding_Region to Coding_Region,,Splice Junction ,9.0,0.0
52811,0,G541.1,MiSeqNONOc.csv,Splice Junction Splice Junction Exon from 5'-UTR to 5'-UTR to Intron from 5'-UTR to 5'-UTR to Splice Junction Intron from 5'-UTR to 5'-UTR to Exon from 5'-UTR to Coding_Region,,Splice Junction ,4.0,0.0
35883,0,G2898.2,MiSeqSFPQc.csv,Splice Junction Splice Junction Exon from 5'-UTR to Coding_Region to Intron from Coding_Region to Coding_Region to Splice Junction Intron from Coding_Region to Coding_Region to Exon from Coding_Region to Coding_Region,,Splice Junction ,13.0,0.0
35199,0,G2898.1,MiSeqSFPQc.csv,Splice Junction Splice Junction Exon from 5'-UTR to Coding_Region to Intron from Coding_Region to Coding_Region to Splice Junction Intron from Coding_Region to Coding_Region to Exon from Coding_Region to Coding_Region,,Splice Junction ,13.0,0.0
37903,0,G3117.1,MiSeqSFPQc.csv,Splice Junction Splice Junction Exon from 5'-UTR to 5'-UTR to Intron from 5'-UTR to 5'-UTR to Splice Junction Intron from 5'-UTR to 5'-UTR to Exon from 5'-UTR to 5'-UTR,,Splice Junction ,4.0,0.0
23351,3297,G2035.1,MiSeqSFPQc.csv,Splice Junction Exon in a ncRNA to Splice Junction Exon in a ncRNA to Intron in a ncRNA,,Splice Junction ,13.0,0.29753632343651293
47866,24984,G3791.1,MiSeqSFPQc.csv,Splice Junction Intron in a ncRNA to Splice Junction Intron in a ncRNA to Exon in a ncRNA,,Splice Junction ,7.0,0.09412332023553434
49964,0,G145.1,MiSeqNONOc.csv,Splice Junction 3'-UTR to Splice Junction Exon from Coding_Region to 3'-UTR to Intron from 3'-UTR to 3'-UTR,,Splice Junction ,41.0,0.0
13570,608,G1269.1,MiSeqSFPQc.csv,Splice Junction Exon in a ncRNA to Splice Junction Exon in a ncRNA to Intron in a ncRNA,,Splice Junction ,1.0,0.011011899371524822
