,Transcript,Translation_Status,IonXpress_SFPQ_N,IonXpress_NONO_N
0,uc010cto.3,Translated,1,1
1,uc010pwa.1,Translated,3,2
2,uc010jlt.1,Untranslated,2,0
3,uc002fun.4,Translated,1,0
4,uc003qgz.3,Translated,1,0
5,uc021ykd.1,Untranslated,1,1
6,uc003fnw.3,Translated,2,0
7,uc021ykf.1,Untranslated,1,0
8,uc009wkt.1,Translated,1,0
9,uc001whd.3,Translated,1,0
10,uc001jop.1,Untranslated,1,1
11,uc022btp.1,Untranslated,1,0
12,uc002uqf.3,Translated,2,0
13,uc003mbl.1,Translated,1,0
14,uc004edx.3,Translated,1,0
15,uc021qjo.1,Untranslated,1,0
16,uc003dlq.3,Translated,3,0
17,uc010sii.2,Translated,1,0
18,uc002fuj.3,Translated,2,0
19,uc010sik.2,Translated,1,0
20,uc003tmk.4,Untranslated,1,0
21,uc011byf.1,Translated,1,0
22,uc010gia.1,Untranslated,1,2
23,uc011byd.2,Translated,1,0
24,uc031skh.1,Translated,1,1
25,uc003ehx.4,Translated,1,0
26,uc002pnz.4,Translated,9,5
27,uc002ipd.3,Translated,1,0
28,uc003ehz.4,Translated,1,0
29,uc004edv.3,Translated,1,0
30,uc001yks.2,Translated,2,0
31,uc002uqd.3,Translated,2,0
32,uc021tqw.1,Untranslated,5,3
33,uc010uiu.2,Untranslated,1,0
34,uc021tqu.1,Untranslated,3,1
35,uc011bfm.2,Untranslated,3,0
36,uc011kpn.1,Translated,1,0
37,uc001hwl.3,Translated,1,0
38,uc021pcv.1,Untranslated,1,0
39,uc003ngl.3,Translated,1,0
40,uc021xav.1,Translated,2,0
41,uc001htu.2,Translated,1,0
42,uc001tfp.3,Translated,1,0
43,uc003ysj.3,Untranslated,1,2
44,uc001doa.4,Translated,6,5
45,uc001fpz.4,Translated,1,0
46,uc021rst.1,Untranslated,3,2
47,uc010vwk.2,Untranslated,5,3
48,uc009xue.3,Untranslated,1,0
49,uc002vpu.4,Translated,2,2
50,uc003lnx.1,Translated,1,0
51,uc002wbo.4,Translated,1,0
52,uc010vwi.2,Untranslated,5,3
53,uc010vwo.1,Untranslated,5,3
54,uc003lnb.3,Translated,1,1
55,uc011dek.1,Translated,1,0
56,uc002drh.2,Translated,1,0
57,uc003pql.3,Translated,1,0
58,uc001lyh.3,Translated,1,0
59,uc009zlr.1,Translated,1,0
60,uc003qdx.3,Translated,5,5
61,uc001cgb.3,Translated,2,2
62,uc021pcl.1,Untranslated,1,0
63,uc011jxi.2,Translated,1,0
64,uc001lyj.2,Translated,1,0
65,uc002yae.3,Translated,1,0
66,uc004erx.2,Translated,1,0
67,uc001evz.3,Translated,1,0
68,uc003pjt.3,Untranslated,1,0
69,uc002vvs.3,Translated,1,1
70,uc003lnd.3,Translated,1,1
71,uc010rog.2,Untranslated,42,289
72,uc004dbi.3,Translated,1,0
73,uc011dmy.2,Translated,2,0
74,uc001zrp.3,Translated,1,0
75,uc010iza.3,Translated,1,0
76,uc003xxx.4,Translated,1,4
77,uc009yln.1,Translated,1,0
78,uc010kgq.2,Translated,1,0
79,uc011dea.2,Translated,1,0
80,uc010rdd.2,Translated,1,0
81,uc002yaa.3,Translated,1,0
82,uc002tax.2,Untranslated,3,0
83,uc003phx.2,Translated,1,0
84,uc003zad.2,Translated,1,0
85,uc002hjb.3,Translated,1,1
86,uc010rqb.1,Translated,1,4
87,uc021qxn.1,Translated,3,2
88,uc002apv.3,Translated,7,4
89,uc003zaf.1,Translated,1,0
90,uc003tgt.3,Translated,1,0
91,uc021ydy.1,Untranslated,2,0
92,uc011dnd.2,Translated,2,0
93,uc010yyy.2,Untranslated,1,1
94,uc003tgv.3,Translated,1,0
95,uc004cer.3,Translated,1,0
96,uc011mtr.2,Translated,1,0
97,uc031psx.1,Translated,1,0
98,uc002enu.5,Translated,1,0
99,uc002apx.3,Translated,7,4
100,uc003mkx.3,Translated,1,0
101,uc001hqb.3,Translated,1,0
102,uc021qxv.1,Translated,1,0
103,uc010yys.2,Translated,1,0
104,uc001fnr.3,Translated,2,0
105,uc003ckw.2,Translated,1,0
106,uc004ccj.4,Translated,1,0
107,uc011bwg.2,Translated,2,0
108,uc001che.3,Translated,1,0
109,uc010oyh.1,Untranslated,2,3
110,uc010ena.1,Untranslated,2,1
111,uc003yig.1,Untranslated,1,0
112,uc011loc.1,Translated,1,0
113,uc003ztr.2,Translated,1,0
114,uc003lys.1,Translated,1,0
115,uc010vmm.2,Translated,2,0
116,uc010hml.1,Untranslated,1,1
117,uc001bvt.2,Translated,1,0
118,uc002rgv.3,Translated,1,0
119,uc010jwx.3,Translated,1,0
120,uc001bqs.2,Untranslated,1,1
121,uc002fmx.2,Translated,1,1
122,uc010jwv.3,Translated,1,0
123,uc002apz.1,Untranslated,2,0
124,uc003eok.3,Translated,1,0
125,uc001bqq.1,Untranslated,1,2
126,uc009zlf.4,Translated,1,2
127,uc002ixd.2,Translated,1,0
128,uc011loe.1,Translated,1,0
129,uc021ypv.1,Untranslated,1,0
130,uc001xbt.3,Translated,1,0
131,uc003jpy.4,Translated,1,0
132,uc010zyg.3,Translated,1,0
133,uc001bqk.3,Untranslated,2,3
134,uc021ohe.1,Untranslated,1,1
135,uc001qgk.4,Translated,1,0
136,uc021yfa.1,Translated,1,1
137,uc003qee.4,Translated,4,5
138,uc003okf.1,Translated,1,0
139,uc003zah.2,Translated,1,0
140,uc011dhl.2,Translated,2,0
141,uc003zaj.2,Translated,1,0
142,uc011dmq.2,Translated,1,1
143,uc009vml.2,Translated,2,0
144,uc003nvb.4,Translated,1,0
145,uc010lfx.3,Translated,2,0
146,uc011cdo.2,Translated,1,0
147,uc001onx.3,Translated,1,5
148,uc010nuu.1,Translated,8,9
149,uc001cgc.3,Translated,2,2
150,uc010fsm.3,Translated,1,0
151,uc002mna.3,Translated,1,0
152,uc003bib.3,Translated,1,0
153,uc011bwi.2,Translated,1,2
154,uc031qcu.1,Translated,3,3
155,uc003mni.1,Translated,3,0
156,uc010osp.2,Translated,1,0
157,uc003okh.1,Translated,1,0
158,uc003qrg.3,Translated,1,0
159,uc010jls.3,Translated,2,0
160,uc002sws.4,Translated,1,0
161,uc010qjb.2,Untranslated,1,1
162,uc002uui.3,Translated,1,0
163,uc010dee.1,Untranslated,1,0
164,uc003csn.3,Untranslated,1,0
165,uc002ipc.3,Translated,1,0
166,uc021rkj.1,Translated,1,0
167,uc004eqm.3,Translated,1,1
168,uc003lxp.3,Translated,1,0
169,uc003csl.4,Translated,1,0
170,uc011mtn.2,Translated,1,1
171,uc021omv.1,Translated,2,1
172,uc011cqi.2,Translated,1,0
173,uc011dvr.2,Translated,2,1
174,uc009wwm.1,Untranslated,1,2
175,uc002klq.3,Translated,1,0
176,uc003dmo.3,Translated,1,0
177,uc021ouw.1,Untranslated,2,1
178,uc009yxe.1,Translated,1,0
179,uc004efu.4,Translated,1,0
180,uc011aoj.1,Translated,2,1
181,uc002gqk.1,Translated,2,0
182,uc001tfs.3,Translated,1,0
183,uc002tng.1,Translated,1,1
184,uc002cyr.1,Translated,1,0
185,uc010xrw.2,Translated,1,2
186,uc003lmz.3,Translated,1,1
187,uc002yjl.3,Untranslated,2,3
188,uc001rpe.3,Translated,1,1
189,uc010veg.2,Translated,2,0
190,uc001rke.3,Translated,1,0
191,uc021ott.2,Translated,8,6
192,uc001onv.3,Translated,1,5
193,uc003axi.3,Translated,4,3
194,uc010vwl.1,Untranslated,5,3
195,uc004fah.1,Untranslated,2,1
196,uc001zrs.3,Translated,1,0
197,uc002vym.1,Translated,1,0
198,uc010nlo.3,Untranslated,1,0
199,uc021ogr.1,Untranslated,1,1
200,uc001fpy.4,Translated,1,0
201,uc001cmf.2,Translated,2,1
202,uc010fnh.1,Untranslated,1,1
203,uc002fnm.2,Translated,1,1
204,uc011ctz.1,Translated,1,0
205,uc004cao.4,Translated,2,1
206,uc009zcx.1,Untranslated,1,0
207,uc001ufh.3,Translated,1,0
208,uc010rzu.2,Translated,6,3
209,uc010fnf.3,Translated,1,1
210,uc021zcd.1,Translated,1,0
211,uc003gxm.3,Translated,1,0
212,uc031tdb.1,Translated,1,0
213,uc021pmn.1,Untranslated,2,0
214,uc001pec.3,Untranslated,12,10
215,uc003kev.1,Translated,1,0
216,uc002pbu.2,Translated,1,0
217,uc010tbk.2,Translated,1,0
218,uc010jap.2,Untranslated,1,0
219,uc002vtx.2,Translated,1,0
220,uc021zep.1,Untranslated,2,1
221,uc001nvx.2,Untranslated,1,2
222,uc021tkz.1,Translated,1,0
223,uc002vtz.3,Translated,1,0
224,uc010aqg.3,Translated,2,0
225,uc021yjz.1,Untranslated,2,1
226,uc002kfo.3,Untranslated,3,0
227,uc001zha.2,Translated,1,0
228,uc001nvv.2,Untranslated,3,2
229,uc002kfm.1,Translated,3,0
230,uc002jse.2,Untranslated,2,1
231,uc001qop.2,Translated,4,1
232,uc031tdn.1,Untranslated,1,0
233,uc009wwl.3,Untranslated,2,2
234,uc003pju.2,Translated,1,0
235,uc002vvt.3,Translated,1,1
236,uc010soh.1,Translated,1,0
237,uc003lhc.1,Translated,2,0
238,uc004fqe.1,Untranslated,1,0
239,uc010fia.3,Translated,1,0
240,uc004fad.1,Translated,2,1
241,uc003lcv.3,Translated,1,0
242,uc004faf.2,Translated,2,1
243,uc002gqa.4,Untranslated,5,3
244,uc011dbk.2,Translated,1,1
245,uc021uvv.1,Untranslated,1,0
246,uc010mli.3,Translated,1,0
247,uc031rlt.1,Translated,9,5
248,uc001nex.2,Translated,1,0
249,uc011bis.2,Translated,1,0
250,uc022ajq.1,Translated,2,0
251,uc001ssg.4,Translated,1,0
252,uc011ctl.2,Translated,1,0
253,uc009ywf.1,Untranslated,2,2
254,uc021rkl.1,Translated,1,0
255,uc003kou.1,Translated,1,0
256,uc003evr.1,Translated,1,0
257,uc002pob.2,Translated,2,0
258,uc009ywb.1,Translated,2,0
259,uc001emo.2,Translated,2,3
260,uc002hnm.3,Translated,1,0
261,uc021yto.1,Untranslated,3,1
262,uc010jax.3,Untranslated,1,0
263,uc010fzo.4,Translated,1,0
264,uc002hno.3,Translated,1,0
265,uc004beh.4,Translated,1,0
266,uc021yok.1,Untranslated,1,0
267,uc010phr.2,Translated,1,0
268,uc004bej.4,Translated,1,0
269,uc001bhk.3,Translated,2,0
270,uc001net.1,Translated,1,0
271,uc011cyq.2,Untranslated,1,0
272,uc003fqv.3,Translated,5,4
273,uc004bel.1,Translated,1,0
274,uc001nez.2,Translated,1,0
275,uc002fnf.1,Translated,1,0
276,uc002lds.1,Untranslated,2,2
277,uc001lyi.3,Translated,1,0
278,uc011edi.2,Translated,1,0
279,uc010enb.1,Untranslated,3,2
280,uc002kdu.3,Translated,3,3
281,uc002fnd.3,Translated,1,0
282,uc001bvs.3,Translated,1,0
283,uc002dvw.3,Translated,2,0
284,uc003kbz.4,Translated,1,0
285,uc011mql.2,Translated,1,0
286,uc002kdw.1,Translated,1,0
287,uc002zvn.3,Translated,2,1
288,uc001bqn.3,Untranslated,2,3
289,uc001ksz.2,Untranslated,2,3
290,uc003jua.4,Translated,1,0
291,uc001bql.3,Untranslated,2,3
292,uc003mco.1,Translated,1,0
293,uc003qha.2,Translated,1,0
294,uc001lsg.1,Translated,1,0
295,uc010eut.1,Translated,2,0
296,uc021xax.1,Translated,2,0
297,uc003nty.1,Untranslated,2,0
298,uc003prw.1,Translated,1,0
299,uc003ntw.2,Translated,4,0
300,uc003ntu.3,Translated,4,0
301,uc010hag.3,Untranslated,1,0
302,uc003jsy.4,Translated,1,0
303,uc001txr.3,Translated,1,0
304,uc001rwq.2,Translated,1,0
305,uc003prx.3,Translated,1,0
306,uc001rws.2,Translated,1,0
307,uc003qkt.3,Translated,3,3
308,uc001chf.3,Translated,1,0
309,uc002gkg.4,Translated,3,2
310,uc003mbn.1,Translated,1,0
311,uc001lsi.1,Translated,1,0
312,uc001bqb.2,Translated,6,3
313,uc010mlg.3,Translated,1,0
314,uc002sqx.1,Translated,1,1
315,uc021ris.1,Untranslated,1,0
316,uc021tra.1,Untranslated,5,3
317,uc002nvg.2,Translated,1,2
318,uc010osu.2,Translated,6,5
319,uc011eac.2,Translated,1,0
320,uc003mnj.1,Translated,3,0
321,uc002gki.4,Translated,3,2
322,uc010ifd.3,Translated,1,0
323,uc002crl.1,Translated,3,0
324,uc009wbu.1,Untranslated,3,2
325,uc001yps.3,Translated,1,0
326,uc010ftq.1,Untranslated,3,1
327,uc002ptg.3,Translated,2,1
328,uc010fru.3,Translated,2,0
329,uc010vwg.2,Untranslated,5,3
330,uc009yho.2,Translated,1,0
331,uc021pbd.1,Translated,2,0
332,uc002pte.3,Untranslated,2,1
333,uc010cpw.3,Translated,1,0
334,uc010vqw.2,Translated,1,0
335,uc001mpr.4,Translated,1,0
336,uc003trc.1,Translated,1,0
337,uc001nuh.3,Translated,1,1
338,uc004edt.3,Translated,1,0
339,uc001mpp.3,Translated,1,0
340,uc010tst.2,Translated,1,1
341,uc002vbg.1,Translated,2,1
342,uc009ywh.3,Untranslated,1,0
343,uc010wkx.1,Translated,2,0
344,uc001sdd.4,Translated,1,0
345,uc021vol.1,Untranslated,1,0
346,uc001xhi.2,Translated,2,0
347,uc031pnx.1,Translated,2,3
348,uc002wqe.3,Translated,3,1
349,uc001chh.2,Translated,1,0
350,uc001pdu.1,Translated,2,0
351,uc002vbi.1,Untranslated,2,0
352,uc003xry.3,Translated,1,0
353,uc010sjz.2,Translated,1,0
354,uc001gjo.1,Untranslated,1,1
355,uc003kgy.1,Translated,1,0
356,uc003tra.2,Translated,1,0
357,uc021unh.1,Untranslated,1,0
358,uc001bsh.1,Translated,1,1
359,uc004edp.3,Translated,1,0
360,uc001rtt.1,Translated,8,4
361,uc003rjx.2,Translated,2,1
362,uc004edr.3,Translated,1,0
363,uc009yif.3,Translated,1,1
364,uc010nah.3,Untranslated,2,1
365,uc001doc.1,Translated,6,5
366,uc004eeb.3,Translated,1,0
367,uc002nvi.2,Translated,1,1
368,uc003lzc.3,Untranslated,1,0
369,uc002uue.3,Translated,1,0
370,uc004czt.3,Translated,1,0
371,uc002sbk.3,Translated,1,3
372,uc001pyo.3,Translated,6,3
373,uc003oxb.2,Translated,2,1
374,uc021yth.1,Untranslated,1,0
375,uc009xcx.3,Translated,1,2
376,uc002cno.2,Translated,1,1
377,uc001ktb.4,Translated,2,3
378,uc010ssr.2,Translated,1,0
379,uc011bzg.2,Translated,1,0
380,uc002cnm.2,Untranslated,1,1
381,uc002ell.1,Translated,1,1
382,uc002pti.1,Untranslated,1,1
383,uc011bpl.1,Translated,1,0
384,uc001nvs.3,Untranslated,11,8
385,uc011lfa.2,Untranslated,4,5
386,uc004ays.3,Translated,1,0
387,uc010udp.2,Translated,1,0
388,uc010ohk.2,Translated,1,0
389,uc021xpp.1,Untranslated,2,0
390,uc021ytv.1,Translated,1,0
391,uc002uul.3,Translated,2,0
392,uc003tmm.2,Untranslated,1,0
393,uc004cor.1,Untranslated,1,1
394,uc010zhv.1,Translated,2,1
395,uc010xqi.1,Translated,1,0
396,uc003dtp.1,Translated,1,0
397,uc011avz.1,Translated,1,1
398,uc002tmk.3,Translated,1,0
399,uc021tbm.1,Untranslated,1,1
400,uc004bek.4,Translated,1,0
401,uc021zai.1,Translated,1,0
402,uc010pss.2,Translated,1,2
403,uc004cov.5,Untranslated,14,11
404,uc004edz.3,Translated,1,0
405,uc003lnf.3,Translated,1,1
406,uc004boj.4,Translated,1,0
407,uc003xsm.2,Translated,1,1
408,uc004fkk.2,Translated,8,9
409,uc003xso.1,Untranslated,1,1
410,uc001ack.2,Translated,1,1
411,uc010urq.2,Translated,2,0
412,uc004fko.2,Translated,1,0
413,uc003pnn.1,Translated,1,0
414,uc009vky.3,Translated,1,0
415,uc021zic.1,Translated,5,25
416,uc011ddz.2,Translated,1,0
417,uc003icr.4,Translated,1,0
418,uc010cim.1,Untranslated,1,1
419,uc010hki.1,Translated,1,0
420,uc010bht.3,Untranslated,2,2
421,uc009xpx.1,Translated,1,1
422,uc001mjc.3,Translated,2,1
423,uc021ytl.1,Untranslated,1,1
424,uc010hxy.3,Translated,2,0
425,uc021szy.1,Untranslated,1,1
426,uc010hpg.3,Translated,1,0
427,uc003kir.3,Translated,1,0
428,uc003dtl.3,Translated,1,0
429,uc010psu.2,Translated,1,2
430,uc004but.3,Translated,1,0
431,uc011dio.2,Translated,1,0
432,uc002ldp.3,Translated,6,4
433,uc010psq.2,Translated,1,2
434,uc011lpl.2,Translated,1,0
435,uc021pde.1,Untranslated,1,1
436,uc001bsl.1,Untranslated,1,0
437,uc011bfk.2,Untranslated,3,0
438,uc021qjs.1,Untranslated,1,1
439,uc010ogb.1,Translated,1,1
440,uc010iwp.3,Translated,1,0
441,uc010kxc.3,Translated,1,0
442,uc004fkq.1,Untranslated,1,0
443,uc002wfw.4,Translated,1,0
444,uc021rul.1,Translated,2,0
445,uc011beh.1,Untranslated,1,0
446,uc003ysl.3,Untranslated,2,4
447,uc001tux.3,Translated,2,0
448,uc001owh.4,Translated,3,3
449,uc001ick.3,Translated,1,0
450,uc011dnp.1,Translated,4,0
451,uc001owj.1,Untranslated,1,1
452,uc001rwn.3,Translated,1,0
453,uc001mol.3,Translated,1,0
454,uc001ici.3,Translated,1,0
455,uc002gkj.4,Untranslated,3,2
456,uc003llb.4,Translated,1,0
457,uc010emz.1,Untranslated,3,1
458,uc003eom.3,Translated,1,0
459,uc010ext.3,Untranslated,1,0
460,uc002jtm.3,Translated,1,1
461,uc001lsj.1,Translated,1,0
462,uc001xxs.3,Translated,1,1
463,uc002gkp.4,Untranslated,2,1
464,uc010scf.2,Translated,1,0
465,uc002vud.4,Translated,1,0
466,uc011dnv.1,Untranslated,1,0
467,uc011kis.2,Translated,1,1
468,uc001rtm.3,Translated,5,2
469,uc002ysf.1,Translated,1,0
470,uc011dnb.2,Untranslated,2,0
471,uc001dpb.3,Translated,2,2
472,uc010pba.1,Translated,1,0
473,uc002ysd.3,Translated,1,0
474,uc003svl.3,Untranslated,1,1
475,uc003ldf.3,Translated,3,1
476,uc003nrl.3,Translated,1,1
477,uc010ojn.2,Translated,2,2
478,uc011dnn.2,Translated,4,0
479,uc002ysb.1,Translated,1,0
480,uc002vpi.3,Translated,1,0
481,uc011dyz.2,Translated,1,0
482,uc001qfh.3,Translated,1,0
483,uc021uqp.1,Translated,1,0
484,uc004eqo.3,Translated,1,0
485,uc001ndj.2,Translated,2,0
486,uc010pen.2,Translated,1,0
487,uc001hqc.4,Translated,1,0
488,uc010pel.2,Translated,1,0
489,uc002ldt.2,Untranslated,2,1
490,uc022bah.1,Untranslated,2,0
491,uc003jsp.4,Translated,1,0
492,uc021ynm.1,Untranslated,2,1
493,uc003zab.1,Translated,1,0
494,uc003nxp.3,Untranslated,2,1
495,uc002rdi.3,Translated,1,0
496,uc002vrw.1,Untranslated,1,1
497,uc001dmn.3,Translated,1,0
498,uc002vru.3,Translated,3,3
499,uc010fgr.1,Untranslated,1,1
500,uc010gjq.3,Translated,1,0
501,uc021udi.1,Untranslated,4,4
502,uc003bfq.3,Untranslated,1,0
503,uc001ndh.1,Translated,1,0
504,uc004edo.3,Translated,1,0
505,uc003cjs.1,Untranslated,1,0
506,uc011eai.1,Translated,1,0
507,uc010mee.2,Translated,1,0
508,uc002qtg.1,Translated,2,0
509,uc021wfn.1,Translated,1,0
510,uc003ztp.2,Translated,1,0
511,uc001kta.4,Translated,2,3
512,uc004bra.1,Untranslated,1,0
513,uc001dpd.3,Translated,2,2
514,uc022cde.1,Translated,1,1
515,uc002eev.4,Translated,4,5
516,uc001esc.2,Translated,1,0
517,uc001uis.3,Translated,1,0
518,uc010yob.1,Translated,1,0
519,uc011mwg.2,Translated,2,1
520,uc001tfo.3,Translated,1,0
521,uc021xqz.1,Untranslated,2,0
522,uc003cai.1,Translated,1,1
523,uc002cqz.1,Translated,1,0
524,uc003ldt.3,Translated,3,2
525,uc001hyl.1,Translated,3,4
526,uc021tqz.1,Translated,5,3
527,uc003cak.1,Untranslated,1,1
528,uc002cqx.3,Untranslated,1,0
529,uc021ujy.1,Translated,6,4
530,uc010oti.2,Translated,1,0
531,uc010tfz.2,Translated,1,1
532,uc021wfl.1,Translated,1,0
533,uc021tqx.1,Untranslated,5,3
534,uc003zka.1,Translated,1,0
535,uc001xiw.3,Translated,1,1
536,uc003cam.2,Translated,1,1
537,uc010vwp.1,Untranslated,5,3
538,uc010iuc.2,Translated,1,0
539,uc010zfw.2,Translated,2,0
540,uc010mzz.2,Translated,1,0
541,uc021ujw.1,Translated,6,4
542,uc021ykg.1,Untranslated,1,0
543,uc001tfm.3,Translated,1,0
544,uc021vnl.1,Translated,1,1
545,uc009vtj.1,Untranslated,1,2
546,uc004edy.3,Translated,1,0
547,uc003nvd.3,Untranslated,1,0
548,uc001sdi.4,Translated,1,0
549,uc021osy.1,Translated,1,3
550,uc010fus.3,Translated,2,1
551,uc003dfh.1,Untranslated,1,0
552,uc002fuk.1,Untranslated,1,0
553,uc003gqx.3,Translated,1,0
554,uc031qcs.1,Translated,3,3
555,uc002ttj.3,Untranslated,20,23
556,uc003pof.3,Translated,1,0
557,uc002xty.4,Translated,1,0
558,uc002aom.3,Translated,1,0
559,uc010axb.4,Translated,1,0
560,uc003dff.3,Translated,5,1
561,uc003lha.2,Translated,2,0
562,uc003hqm.1,Translated,1,0
563,uc002gqc.3,Translated,5,3
564,uc021qew.1,Translated,1,0
565,uc002fuq.3,Translated,1,0
566,uc001ura.3,Translated,2,1
567,uc001phn.1,Translated,1,0
568,uc002ipe.3,Translated,1,0
569,uc004edw.3,Translated,1,0
570,uc001mjf.1,Translated,1,1
571,uc001emm.4,Translated,2,3
572,uc004fqc.1,Untranslated,1,0
573,uc021tak.1,Untranslated,1,1
574,uc004eqk.3,Translated,1,1
575,uc001xiy.3,Translated,1,1
576,uc021tqv.1,Untranslated,5,3
577,uc031tci.1,Untranslated,1,2
578,uc021tqt.1,Translated,3,1
579,uc001uqz.1,Translated,2,1
580,uc011bfl.2,Untranslated,3,0
581,uc001jom.1,Translated,1,1
582,uc001tfu.1,Untranslated,1,0
583,uc001joo.3,Translated,1,1
584,uc003inx.2,Translated,1,2
585,uc010plh.2,Translated,1,1
586,uc002cyt.2,Translated,1,0
587,uc021qjv.1,Untranslated,1,0
588,uc001tfq.3,Translated,1,0
589,uc021viy.1,Untranslated,1,1
590,uc010bhg.1,Translated,1,0
591,uc001mjd.3,Translated,2,1
592,uc010vwf.2,Untranslated,3,1
593,uc010vwj.2,Untranslated,5,3
594,uc011acl.1,Untranslated,1,1
595,uc010vgi.1,Translated,4,5
596,uc010vwh.2,Untranslated,5,3
597,uc002vpt.4,Translated,2,2
598,uc031slp.1,Translated,1,1
599,uc009wru.2,Untranslated,2,0
600,uc003ysa.2,Untranslated,2,24
601,uc003phw.2,Translated,1,0
602,uc010sno.2,Translated,1,0
603,uc010vwn.1,Untranslated,5,3
604,uc001ykx.1,Translated,1,0
605,uc009wwj.1,Untranslated,2,1
606,uc003lnc.3,Translated,1,1
607,uc001xfj.1,Untranslated,1,0
608,uc021tpw.1,Untranslated,2,0
609,uc004caq.3,Untranslated,1,1
610,uc011dbq.1,Translated,1,0
611,uc002sit.4,Translated,1,0
612,uc002ozz.3,Translated,1,0
613,uc010oye.3,Translated,2,3
614,uc011jxj.2,Translated,1,0
615,uc001dpe.2,Untranslated,2,2
616,uc011dbs.1,Translated,1,0
617,uc002yad.3,Translated,1,0
618,uc009wwn.1,Untranslated,2,2
619,uc002ozx.4,Translated,1,0
620,uc021ynr.1,Untranslated,1,1
621,uc001cgg.3,Untranslated,2,2
622,uc001dpi.4,Translated,1,0
623,uc021sge.1,Untranslated,1,2
624,uc003mkw.4,Translated,1,0
625,uc010yzc.2,Untranslated,1,1
626,uc002wgi.3,Translated,6,3
627,uc003zto.1,Translated,1,0
628,uc002wgk.1,Untranslated,1,0
629,uc003mxo.3,Translated,1,0
630,uc001sxt.3,Translated,1,0
631,uc001fnq.3,Translated,2,0
632,uc010acl.3,Translated,1,1
633,uc031qhc.1,Translated,1,2
634,uc009zsc.3,Translated,1,0
635,uc002tay.1,Untranslated,3,0
636,uc003fnr.3,Translated,2,0
637,uc003xaa.4,Translated,1,0
638,uc010acn.3,Translated,1,1
639,uc031tku.1,Translated,1,0
640,uc001ibk.3,Translated,1,1
641,uc001ykv.4,Translated,2,0
642,uc002njk.1,Translated,1,0
643,uc022bqr.1,Untranslated,1,1
644,uc002uqc.4,Translated,2,0
645,uc003gtb.3,Translated,1,0
646,uc011dgt.1,Translated,1,0
647,uc003zpi.1,Translated,1,0
648,uc010roh.3,Translated,51,102
649,uc011dgr.2,Translated,1,0
650,uc003mky.2,Translated,1,0
651,uc002apy.1,Untranslated,2,1
652,uc011mtq.2,Translated,1,1
653,uc010zos.3,Translated,1,0
654,uc002hnq.2,Translated,1,0
655,uc010ujq.2,Translated,7,4
656,uc003zxh.2,Untranslated,3,6
657,uc011kbz.2,Translated,1,0
658,uc001fns.2,Translated,2,0
659,uc021pbb.1,Translated,2,0
660,uc011kbx.2,Translated,1,0
661,uc003tfh.4,Translated,1,0
662,uc002uqg.3,Translated,2,0
663,uc001vbf.4,Translated,1,1
664,uc022bqv.1,Untranslated,1,0
665,uc011del.2,Translated,1,0
666,uc003lyt.1,Translated,1,0
667,uc011lji.1,Translated,1,0
668,uc002fkm.3,Translated,1,6
669,uc003lyr.1,Translated,1,0
670,uc010kgv.3,Translated,1,0
671,uc010vpj.2,Translated,1,1
672,uc003juc.4,Translated,1,0
673,uc021pbz.1,Untranslated,2,0
674,uc011cyw.2,Translated,3,1
675,uc010smh.1,Translated,8,4
676,uc010kgt.2,Translated,1,0
677,uc010zow.3,Translated,1,0
678,uc021pcg.1,Untranslated,1,0
679,uc010kgr.2,Translated,1,0
680,uc010zou.3,Translated,1,0
681,uc003lna.3,Translated,1,1
682,uc002ixe.2,Untranslated,1,0
683,uc003jme.1,Translated,2,1
684,uc001bqd.3,Translated,6,3
685,uc021ohf.2,Untranslated,2,1
686,uc001mqs.3,Translated,1,1
687,uc009xel.2,Translated,1,0
688,uc021ujt.1,Translated,6,4
689,uc021ujz.1,Translated,6,4
690,uc021viz.1,Untranslated,1,1
691,uc011dmb.3,Translated,1,0
692,uc003sry.2,Translated,1,0
693,uc021ujx.1,Translated,6,4
694,uc010buf.1,Translated,1,0
695,uc009xhq.3,Translated,2,28
696,uc004dbk.4,Translated,1,0
697,uc010ltj.1,Untranslated,1,0
698,uc010nfp.3,Untranslated,1,0
699,uc011efo.2,Translated,1,0
700,uc010zyh.3,Translated,1,0
701,uc003ozs.3,Translated,1,0
702,uc004ebl.4,Translated,1,0
703,uc010anj.1,Translated,2,1
704,uc001hwm.1,Untranslated,1,0
705,uc010sce.2,Translated,1,0
706,uc010cpe.2,Untranslated,5,3
707,uc010yhz.1,Translated,1,0
708,uc002gsn.2,Untranslated,1,0
709,uc003gkb.4,Translated,1,2
710,uc010afz.2,Translated,1,0
711,uc010hyw.1,Untranslated,1,0
712,uc031qct.1,Translated,3,3
713,uc011lof.1,Translated,1,0
714,uc001urb.2,Untranslated,2,1
715,uc001cmk.1,Untranslated,2,0
716,uc010hyu.1,Untranslated,2,2
717,uc003soq.4,Translated,3,1
718,uc002gty.3,Untranslated,1,0
719,uc001voj.2,Translated,1,0
720,uc001cmi.3,Translated,5,1
721,uc003qrf.3,Translated,1,0
722,uc003okg.1,Translated,1,0
723,uc010iwu.1,Translated,1,0
724,uc002orc.1,Untranslated,1,1
725,uc022ahx.1,Untranslated,1,1
726,uc001fep.4,Translated,1,0
727,uc011cdn.2,Translated,1,0
728,uc002ybs.3,Translated,1,0
729,uc004eql.3,Translated,1,1
730,uc003csm.4,Translated,1,0
731,uc002crj.1,Translated,3,0
732,uc011mto.2,Translated,1,1
733,uc002uzb.3,Translated,5,3
734,uc001iil.4,Translated,1,0
735,uc021yjp.1,Untranslated,1,0
736,uc001tac.3,Translated,2,1
737,uc009voy.1,Translated,8,7
738,uc001pak.2,Translated,3,4
739,uc003dmn.3,Translated,1,0
740,uc002rmo.2,Translated,1,0
741,uc004eqn.3,Translated,1,0
742,uc001fer.3,Translated,1,0
743,uc003axn.1,Untranslated,2,1
744,uc010yza.2,Translated,1,1
745,uc010vct.2,Translated,1,0
746,uc003tln.3,Translated,1,0
747,uc001gjk.3,Untranslated,17,16
748,uc002hcl.2,Untranslated,1,0
749,uc003axh.3,Translated,4,3
750,uc002hcj.1,Untranslated,1,1
751,uc001ony.4,Translated,1,5
752,uc003rjz.2,Translated,2,1
753,uc010dhc.3,Translated,1,1
754,uc002hfe.3,Translated,1,0
755,uc011dmz.2,Translated,2,0
756,uc004eea.3,Translated,1,0
757,uc002sbj.3,Translated,1,3
758,uc002fbb.3,Translated,1,0
759,uc021ogs.1,Untranslated,1,0
760,uc021pcu.1,Untranslated,1,1
761,uc010yus.2,Translated,1,0
762,uc003dmr.3,Translated,1,0
763,uc011cty.2,Translated,1,0
764,uc003dmp.3,Translated,1,0
765,uc001rpa.3,Translated,1,1
766,uc003hiy.3,Untranslated,2,4
767,uc011awa.1,Untranslated,1,1
768,uc003bie.3,Translated,1,0
769,uc010hnt.3,Translated,3,0
770,uc010fng.3,Translated,1,1
771,uc001eil.3,Translated,1,3
772,uc001rzr.2,Translated,1,0
773,uc001mgr.1,Untranslated,1,1
774,uc004cox.4,Untranslated,5,5
775,uc002rpd.3,Translated,1,0
776,uc001rpb.3,Translated,1,1
777,uc001cge.3,Translated,2,2
778,uc022boz.1,Untranslated,1,0
779,uc002env.4,Translated,1,0
780,uc002gqf.1,Untranslated,2,2
781,uc010zgy.1,Translated,1,0
782,uc021trb.1,Untranslated,5,3
783,uc001nvu.3,Untranslated,11,8
784,uc011bpj.1,Translated,1,0
785,uc003eia.4,Translated,1,0
786,uc003upp.3,Translated,1,1
787,uc009wdk.3,Translated,1,0
788,uc009wwo.1,Untranslated,1,2
789,uc001rzt.3,Translated,1,0
790,uc001owl.1,Untranslated,2,2
791,uc021ttu.1,Translated,3,3
792,uc010fib.1,Untranslated,1,0
793,uc004fae.2,Translated,2,1
794,uc004edu.3,Translated,1,0
795,uc031sor.1,Translated,2,1
796,uc009yoj.1,Untranslated,2,2
797,uc004fkm.2,Translated,1,0
798,uc010xdg.2,Translated,6,4
799,uc010mlh.3,Translated,1,0
800,uc010mbk.2,Translated,1,0
801,uc002vub.3,Translated,1,0
802,uc011ctm.2,Untranslated,1,0
803,uc010pvz.1,Untranslated,2,2
804,uc021rjd.1,Untranslated,2,0
805,uc009ywg.1,Untranslated,2,2
806,uc021win.1,Translated,1,0
807,uc009ywe.3,Untranslated,7,6
808,uc003ztq.1,Translated,1,0
809,uc002paa.4,Translated,1,0
810,uc011mfi.2,Untranslated,10,5
811,uc002poc.3,Untranslated,2,0
812,uc009ygf.3,Translated,2,1
813,uc003pjw.3,Translated,1,0
814,uc011dgu.1,Translated,1,0
815,uc009wmh.3,Translated,1,0
816,uc011ldx.2,Translated,1,0
817,uc003dtn.3,Translated,1,0
818,uc003pld.4,Untranslated,4,4
819,uc021ucc.1,Untranslated,1,0
820,uc011kat.2,Translated,1,0
821,uc003lxo.2,Translated,1,0
822,uc010xla.2,Translated,1,0
823,uc002hnn.3,Translated,1,0
824,uc021tky.1,Translated,1,0
825,uc003xrz.3,Translated,1,0
826,uc001jid.1,Translated,1,1
827,uc003yuh.2,Translated,1,0
828,uc011cyr.2,Translated,1,0
829,uc001ner.1,Translated,1,0
830,uc003uqy.3,Translated,2,0
831,uc021xbq.1,Untranslated,1,0
832,uc003xyk.3,Translated,4,5
833,uc002mmz.2,Translated,1,0
834,uc002dmm.3,Translated,2,0
835,uc001oyn.3,Translated,1,0
836,uc010smg.1,Translated,3,2
837,uc010fcl.3,Translated,1,3
838,uc003cjq.3,Translated,1,0
839,uc003jtq.3,Untranslated,1,0
840,uc010ypn.2,Translated,1,3
841,uc001ssb.3,Translated,1,0
842,uc002esu.2,Translated,1,0
843,uc004can.4,Translated,2,1
844,uc001ged.3,Translated,1,1
845,uc001kin.3,Translated,1,0
846,uc003plb.4,Untranslated,4,4
847,uc003lmy.3,Translated,1,1
848,uc021tpz.1,Untranslated,2,1
849,uc010jgc.1,Translated,1,0
850,uc001lsd.1,Translated,1,0
851,uc002dvx.3,Translated,2,0
852,uc010wkw.1,Translated,2,0
853,uc003jsz.4,Translated,1,0
854,uc009zbd.2,Translated,4,1
855,uc021qwi.1,Translated,1,0
856,uc003jsx.4,Translated,1,0
857,uc002ldr.2,Untranslated,2,1
858,uc010haf.3,Translated,1,0
859,uc001rwp.2,Translated,1,0
860,uc001txq.3,Translated,1,0
861,uc001rwr.2,Translated,1,0
862,uc010tbl.2,Translated,1,0
863,uc001nes.1,Translated,1,0
864,uc001odz.3,Untranslated,10,22
865,uc001bhl.3,Translated,2,0
866,uc001xfh.2,Translated,1,0
867,uc002jto.3,Translated,1,1
868,uc001dya.3,Translated,1,0
869,uc003iha.3,Translated,1,1
870,uc001neq.2,Translated,1,0
871,uc001rwt.2,Translated,1,0
872,uc001lsh.1,Translated,1,0
873,uc001oyr.1,Translated,4,4
874,uc002ipb.3,Translated,1,0
875,uc002fno.2,Translated,1,1
876,uc001lsf.1,Translated,1,0
877,uc001new.2,Translated,1,0
878,uc031pqd.1,Translated,2,0
879,uc002nvf.3,Translated,1,2
880,uc031tde.1,Translated,1,0
881,uc004beg.3,Translated,1,0
882,uc003iby.3,Untranslated,2,0
883,uc001rei.3,Translated,1,0
884,uc001cfy.4,Translated,2,2
885,uc002gkh.4,Translated,3,2
886,uc021srj.1,Untranslated,1,0
887,uc002kfp.3,Untranslated,3,0
888,uc009wbt.2,Untranslated,6,6
889,uc002vee.4,Translated,2,1
890,uc001ayi.5,Translated,1,0
891,uc002hhl.1,Untranslated,1,0
892,uc010bon.3,Translated,2,0
893,uc002xuj.3,Untranslated,3,6
894,uc001ayk.5,Translated,1,0
895,uc021vyp.1,Translated,1,1
896,uc002ptf.3,Translated,2,1
897,uc002xul.4,Untranslated,3,6
898,uc001aym.5,Translated,1,0
899,uc021tgu.1,Translated,2,0
900,uc002xun.4,Untranslated,3,6
901,uc003hnq.3,Untranslated,2,0
902,uc011edf.2,Translated,1,0
903,uc004ely.3,Translated,1,0
904,uc001sde.4,Translated,1,0
905,uc003zkt.1,Translated,2,0
906,uc001ebc.3,Translated,1,0
907,uc003ntt.3,Translated,4,0
908,uc021yep.1,Translated,1,0
909,uc010jfb.3,Translated,3,2
910,uc002klp.3,Translated,1,0
911,uc001syx.3,Translated,1,0
912,uc002vbf.1,Translated,2,1
913,uc003jto.4,Translated,1,0
914,uc031tcz.1,Translated,1,0
915,uc009wbv.1,Untranslated,2,2
916,uc002vbh.1,Translated,2,1
917,uc001gjn.1,Untranslated,2,1
918,uc003pai.3,Translated,1,0
919,uc001gjl.2,Untranslated,3,2
920,uc004edq.3,Translated,1,0
921,uc002xzw.3,Translated,1,0
922,uc010jsq.1,Untranslated,2,0
923,uc021xra.1,Untranslated,2,0
924,uc010vjj.1,Translated,1,0
925,uc004eds.3,Translated,1,0
926,uc010vik.3,Translated,1,0
927,uc001sdc.4,Translated,1,0
928,uc003rjy.2,Translated,2,1
929,uc009yig.3,Translated,1,1
930,uc021pip.1,Translated,1,2
931,uc021vyl.1,Translated,1,0
932,uc010ghy.4,Translated,1,0
933,uc001reh.2,Translated,3,71
934,uc001dgz.2,Untranslated,1,2
935,uc011ecs.2,Translated,4,5
936,uc004ebk.4,Translated,1,0
937,uc011ecq.2,Translated,4,5
938,uc010lzb.3,Translated,4,5
939,uc003jmf.1,Untranslated,2,1
940,uc021udw.1,Translated,1,1
941,uc001hhz.4,Translated,1,2
942,uc003ldv.1,Untranslated,3,2
943,uc010skb.2,Untranslated,1,0
944,uc011bzf.2,Translated,1,0
945,uc010ssq.2,Translated,1,0
946,uc002dwc.3,Translated,2,0
947,uc001bsk.1,Translated,1,1
948,uc021trc.1,Untranslated,5,3
949,uc002elm.1,Translated,1,1
950,uc003ldr.3,Untranslated,3,2
951,uc002dwa.4,Translated,2,0
952,uc002pth.1,Untranslated,1,0
953,uc010ohj.2,Translated,1,0
954,uc021xpq.1,Untranslated,2,0
955,uc004dbj.3,Translated,1,0
956,uc003ghh.4,Translated,1,0
957,uc010dgy.1,Untranslated,1,2
958,uc004fkr.1,Translated,1,0
959,uc011jwx.2,Translated,1,0
960,uc003tml.4,Untranslated,1,0
961,uc009yoi.2,Translated,4,1
962,uc002faz.3,Translated,1,0
963,uc011edh.2,Translated,1,0
964,uc001nug.1,Translated,1,1
965,uc011bzh.1,Translated,1,0
966,uc003lne.3,Translated,1,1
967,uc010bhs.1,Untranslated,1,1
968,uc003kdk.2,Translated,1,1
969,uc003xsn.2,Translated,1,1
970,uc021wfp.1,Translated,1,0
971,uc003dfd.3,Translated,5,1
972,uc001rjb.3,Translated,1,0
973,uc021ykc.1,Untranslated,1,0
974,uc003ebs.3,Translated,1,0
975,uc009wsd.3,Translated,1,0
976,uc021tmt.1,Translated,1,1
977,uc003fnp.3,Translated,2,0
978,uc002bul.3,Translated,2,0
979,uc010nwc.2,Untranslated,1,0
980,uc009wsf.3,Translated,1,0
981,uc021yrk.1,Untranslated,2,0
982,uc003ics.4,Translated,1,0
983,uc001sls.1,Untranslated,1,0
984,uc001doz.3,Translated,2,2
985,uc021qjp.1,Untranslated,1,1
986,uc003dtm.3,Translated,1,0
987,uc001mjb.3,Translated,2,1
988,uc010pst.2,Translated,1,2
989,uc021szx.1,Untranslated,1,1
990,uc003dto.3,Translated,1,0
991,uc010rdc.1,Translated,1,0
992,uc002ezf.3,Translated,1,0
993,uc004buu.3,Translated,1,0
994,uc003fnt.3,Translated,2,0
995,uc003fnv.4,Translated,2,0
996,uc022bbf.1,Untranslated,1,0
997,uc022bqt.1,Untranslated,33,28
998,uc031pob.1,Translated,2,3
999,uc001eik.3,Translated,1,3
1000,uc003mbm.1,Translated,1,0
1001,uc003dlp.3,Translated,3,0
1002,uc002gua.4,Untranslated,1,0
1003,uc010dve.1,Untranslated,1,0
1004,uc003tlp.3,Translated,1,0
1005,uc010oga.1,Translated,1,1
1006,uc010dwz.1,Untranslated,1,0
1007,uc021pce.1,Untranslated,1,0
1008,uc010khq.1,Translated,3,3
1009,uc011bke.2,Translated,1,0
1010,uc002pny.4,Translated,9,5
1011,uc021ymu.1,Untranslated,1,1
1012,uc002vpr.4,Translated,2,2
1013,uc003ehy.3,Translated,1,0
1014,uc010liz.3,Translated,2,0
1015,uc021ysb.1,Untranslated,1,1
1016,uc021rgf.1,Untranslated,3,1
1017,uc004bpn.3,Translated,1,0
1018,uc011cno.1,Translated,1,0
1019,uc003llc.4,Translated,1,0
1020,uc010emy.1,Untranslated,1,1
1021,uc009ysh.3,Translated,1,5
1022,uc021ymy.1,Untranslated,1,0
1023,uc010diu.3,Translated,3,0
1024,uc002vpj.3,Untranslated,1,0
1025,uc010scg.2,Translated,1,0
1026,uc003fnx.3,Translated,2,0
1027,uc003kck.4,Translated,1,0
1028,uc002vue.1,Untranslated,1,0
1029,uc003fnz.3,Untranslated,1,0
1030,uc010rdm.2,Translated,1,0
1031,uc003kci.4,Translated,1,0
1032,uc010zlv.1,Translated,1,0
1033,uc021yfb.1,Translated,1,1
1034,uc009vwd.3,Translated,2,2
1035,uc002czm.3,Translated,1,1
1036,uc001dpc.3,Translated,2,2
1037,uc011egl.1,Translated,5,25
1038,uc001dpa.3,Untranslated,2,2
1039,uc011cuk.2,Translated,1,0
1040,uc003oxc.2,Translated,2,0
1041,uc002wbn.4,Translated,1,0
1042,uc022alw.1,Translated,1,0
1043,uc003ooa.4,Translated,1,0
1044,uc031pzj.1,Translated,1,0
1045,uc003oxa.2,Translated,2,1
1046,uc001ktc.4,Translated,2,3
1047,uc003xyl.3,Translated,4,5
1048,uc031skg.1,Untranslated,1,1
1049,uc003ehs.4,Translated,1,0
1050,uc001ndk.3,Untranslated,1,0
1051,uc021vvh.1,Untranslated,1,0
1052,uc010iwv.3,Translated,1,0
1053,uc003lhd.2,Translated,2,0
1054,uc001nwa.4,Untranslated,1,0
1055,uc001vbh.4,Translated,1,1
1056,uc002ilt.2,Translated,2,0
1057,uc004bqy.2,Translated,1,0
1058,uc002rdh.3,Translated,1,0
1059,uc021pck.1,Untranslated,1,1
1060,uc021xac.1,Translated,1,0
1061,uc001rap.1,Translated,1,0
1062,uc011dno.1,Translated,4,0
1063,uc003qdy.1,Translated,5,5
1064,uc001evy.3,Translated,1,0
1065,uc021pco.1,Untranslated,1,0
1066,uc021udj.1,Untranslated,4,4
1067,uc002xzt.3,Translated,1,0
1068,uc011deh.1,Translated,1,0
1069,uc001ndi.2,Translated,2,0
1070,uc003kcg.4,Translated,1,0
1071,uc010qov.2,Translated,1,0
1072,uc011dmx.2,Translated,2,0
1073,uc011dna.2,Translated,2,0
1074,uc010kbs.1,Untranslated,2,2
1075,uc011mwf.1,Translated,2,1
1076,uc009wcv.3,Translated,1,0
1077,uc010zpy.2,Untranslated,6,3
1078,uc003uqw.3,Translated,2,0
1079,uc010zpu.2,Translated,1,0
1080,uc002hja.3,Translated,1,1
1081,uc002yjk.3,Untranslated,2,3
1082,uc003ldu.3,Translated,3,2
1083,uc002hjc.3,Translated,1,1
1084,uc010rqc.2,Translated,1,5
1085,uc004ery.1,Untranslated,1,0
1086,uc009ylg.1,Translated,2,0
1087,uc003zae.1,Translated,1,0
1088,uc002wbp.4,Translated,1,0
1089,uc010yyz.2,Translated,1,1
1090,uc010jzn.1,Translated,1,0
1091,uc009zip.3,Translated,1,0
1092,uc010oth.2,Translated,1,0
1093,uc001xbs.3,Translated,1,0
1094,uc003zag.1,Translated,1,0
1095,uc011mpg.2,Translated,1,0
1096,uc031qfw.1,Translated,4,1
1097,uc003tgu.3,Translated,1,0
1098,uc004ces.3,Translated,1,0
1099,uc001hqa.3,Translated,1,0
1100,uc010jww.3,Untranslated,1,0
1101,uc010idh.3,Translated,2,0
1102,uc010yyt.2,Untranslated,1,0
1103,uc010vhm.1,Translated,1,1
1104,uc021phv.1,Untranslated,1,0
1105,uc021ujv.1,Translated,6,4
1106,uc003dpf.3,Translated,1,0
1107,uc010dde.1,Translated,1,0
1108,uc011lod.1,Translated,1,0
1109,uc001cyj.2,Translated,1,0
1110,uc010fur.3,Translated,2,1
1111,uc003yif.3,Translated,1,0
1112,uc004cap.4,Translated,2,1
1113,uc003dfe.3,Translated,5,1
1114,uc010cuz.3,Translated,1,0
1115,uc002cov.1,Untranslated,1,1
1116,uc003hql.1,Translated,1,0
1117,uc010hwn.2,Translated,1,0
1118,uc001pho.2,Translated,1,0
1119,uc001qgl.3,Translated,1,0
1120,uc001slr.3,Translated,1,0
1121,uc001sdf.4,Translated,1,0
1122,uc004cci.4,Translated,1,0
1123,uc010bxs.3,Translated,1,0
1124,uc003qed.4,Translated,4,5
1125,uc001api.2,Translated,1,0
1126,uc011cdb.1,Translated,1,0
1127,uc001aoi.3,Translated,1,2
1128,uc001xix.3,Translated,1,1
1129,uc009vmm.3,Untranslated,1,0
1130,uc011dhk.1,Translated,3,0
1131,uc002gql.1,Translated,2,0
1132,uc003hqn.1,Translated,1,0
1133,uc002lze.3,Translated,3,11
1134,uc002ipg.3,Translated,1,0
1135,uc002gqb.4,Untranslated,5,3
1136,uc002tuj.3,Translated,1,1
1137,uc001jol.1,Untranslated,1,1
1138,uc022bqs.1,Untranslated,41,33
1139,uc003axj.3,Translated,4,3
1140,uc001jon.1,Translated,1,1
1141,uc021xqk.1,Translated,1,0
1142,uc031poc.1,Translated,6,3
1143,uc003zjz.3,Untranslated,1,0
1144,uc004bei.2,Translated,1,0
1145,uc021qep.1,Translated,1,0
1146,uc003bxf.4,Translated,1,1
1147,uc010cfv.2,Untranslated,1,0
1148,uc003poe.3,Translated,1,0
1149,uc002cnp.1,Untranslated,1,1
1150,uc010xrv.2,Translated,1,2
1151,uc021rkk.1,Translated,1,0
1152,uc010qja.1,Translated,1,1
1153,uc002hcn.1,Untranslated,1,1
1154,uc003vre.3,Translated,1,0
1155,uc011dvs.2,Translated,2,1
1156,uc002ipf.3,Translated,1,0
1157,uc010cgg.3,Translated,1,0
1158,uc021out.1,Untranslated,2,0
1159,uc009wwk.1,Untranslated,2,2
1160,uc004eft.4,Translated,1,0
1161,uc001tfr.3,Translated,1,0
1162,uc002cys.2,Translated,1,0
1163,uc011czw.1,Untranslated,2,0
1164,uc021yjw.1,Untranslated,2,2
1165,uc010hjt.2,Translated,1,0
1166,uc003jgk.2,Translated,1,0
1167,uc003qmg.3,Translated,1,0
1168,uc011czy.2,Translated,2,0
1169,uc002wqc.3,Translated,3,1
1170,uc004car.3,Untranslated,1,0
1171,uc001rpd.3,Translated,1,1
1172,uc001onw.3,Translated,1,5
1173,uc011dbr.1,Translated,1,0
1174,uc010vwm.1,Untranslated,5,3
1175,uc021pct.1,Untranslated,1,0
1176,uc001onu.3,Translated,1,5
1177,uc002ozy.4,Translated,1,0
1178,uc010jiq.2,Translated,1,0
1179,uc001zrr.4,Translated,1,0
1180,uc009wwi.1,Untranslated,1,1
1181,uc003nsc.2,Translated,2,0
1182,uc001ynf.2,Translated,1,0
1183,uc002wgh.3,Translated,6,3
1184,uc009wot.3,Translated,1,0
1185,uc021oek.1,Untranslated,1,0
1186,uc002wgj.3,Untranslated,2,1
1187,uc010plg.2,Untranslated,1,1
1188,uc010ocb.2,Translated,1,0
1189,uc003nvc.4,Translated,1,0
1190,uc010acm.3,Translated,1,1
1191,uc003mxn.3,Translated,1,0
1192,uc010mlj.3,Translated,1,0
1193,uc021pmg.1,Untranslated,1,2
1194,uc021pcp.1,Untranslated,1,1
1195,uc010aco.1,Translated,1,1
1196,uc001tfn.3,Translated,1,0
1197,uc009zsb.1,Translated,1,0
1198,uc003kjc.3,Translated,1,0
1199,uc003fns.3,Translated,2,0
1200,uc002njj.1,Translated,1,0
1201,uc001vbe.4,Translated,1,1
1202,uc001ykw.1,Translated,1,0
1203,uc011mhg.2,Translated,1,0
1204,uc001ufi.3,Translated,1,0
1205,uc001yku.4,Translated,2,0
1206,uc001ibl.3,Translated,1,1
1207,uc001ufk.3,Translated,1,0
1208,uc011bnm.1,Translated,1,0
1209,uc003ehr.4,Translated,1,0
1210,uc031tgb.1,Untranslated,23,20
1211,uc002rtr.2,Translated,1,0
1212,uc003lhb.2,Translated,2,0
1213,uc011dgs.2,Translated,1,0
1214,uc002ful.1,Untranslated,1,0
1215,uc002hnp.1,Untranslated,1,0
1216,uc010cpg.1,Untranslated,2,1
1217,uc002vty.3,Translated,1,0
1218,uc021pcj.1,Untranslated,1,1
1219,uc002jsb.2,Untranslated,4,4
1220,uc011kby.2,Translated,1,0
1221,uc021pbc.1,Translated,2,0
1222,uc021tpr.1,Untranslated,2,0
1223,uc002kfn.3,Translated,3,0
1224,uc002jsd.2,Untranslated,4,4
1225,uc021pba.1,Translated,2,0
1226,uc011dey.1,Translated,1,0
1227,uc011ljh.1,Translated,1,0
1228,uc011bbg.2,Translated,1,0
1229,uc003lcw.3,Translated,1,0
1230,uc004fqf.1,Untranslated,1,0
1231,uc001vbi.4,Translated,1,1
1232,uc010kgu.3,Translated,1,0
1233,uc010zov.3,Translated,1,0
1234,uc003qup.1,Untranslated,7,27
1235,uc010smi.1,Translated,7,4
1236,uc022bdl.1,Untranslated,2,0
1237,uc010zot.3,Translated,1,0
1238,uc010kgs.3,Translated,1,0
1239,uc001oyt.3,Untranslated,3,4
1240,uc004cde.1,Translated,3,2
1241,uc022ajr.1,Translated,2,0
1242,uc002dvz.3,Translated,2,0
1243,uc010mdp.2,Untranslated,3,4
1244,uc002vps.4,Translated,2,2
1245,uc001ssf.3,Translated,1,0
1246,uc003zjy.3,Translated,1,0
1247,uc003hnm.3,Translated,2,0
1248,uc003evs.1,Translated,1,0
1249,uc001emn.4,Translated,2,3
1250,uc003ckv.4,Translated,1,0
1251,uc003fqs.3,Translated,5,4
1252,uc021rsp.1,Untranslated,2,1
1253,uc001gog.3,Translated,1,1
1254,uc003fqu.3,Translated,5,4
1255,uc010cpf.3,Untranslated,1,0
1256,uc001oyp.3,Translated,4,4
1257,uc001owg.4,Translated,1,1
1258,uc003izf.3,Translated,2,0
1259,uc001neu.1,Translated,1,0
1260,uc010wlx.1,Untranslated,1,0
1261,uc003fqw.3,Translated,5,4
1262,uc010cpd.3,Untranslated,5,3
1263,uc011kba.2,Translated,1,0
1264,uc010nmj.2,Translated,1,0
1265,uc011log.1,Translated,1,0
1266,uc002fng.1,Translated,1,1
1267,uc031tda.1,Translated,1,0
1268,uc010hyv.2,Untranslated,2,2
1269,uc010bsu.1,Translated,3,0
1270,uc011blq.2,Translated,1,0
1271,uc001bvr.3,Translated,1,0
1272,uc001bqo.3,Untranslated,2,3
1273,uc010lmi.3,Untranslated,1,0
1274,uc002fnc.2,Translated,1,1
1275,uc001bqm.3,Untranslated,2,3
1276,uc003mcn.1,Translated,1,0
1277,uc002sis.4,Translated,1,0
1278,uc010xjk.2,Translated,1,0
1279,uc010sbw.1,Translated,1,0
1280,uc001bqa.2,Translated,6,3
1281,uc003ntx.2,Translated,4,0
1282,uc002crk.3,Translated,3,0
1283,uc001apb.3,Translated,1,0
1284,uc002xup.1,Untranslated,1,2
1285,uc003kkn.3,Translated,1,0
1286,uc001iim.4,Translated,1,0
1287,uc001olv.3,Translated,1,0
1288,uc002uzc.3,Untranslated,1,1
1289,uc003ntv.3,Translated,4,0
1290,uc002hff.3,Translated,1,0
1291,uc010osq.2,Translated,1,0
1292,uc021wgu.1,Untranslated,1,0
1293,uc010uxz.1,Translated,1,0
1294,uc001apj.2,Translated,2,0
1295,uc011mzn.1,Translated,5,3
1296,uc001chg.3,Translated,1,0
1297,uc003lzb.3,Translated,1,0
1298,uc002siu.4,Translated,1,0
1299,uc002eap.3,Translated,2,0
1300,uc001sxs.3,Translated,1,0
1301,uc001bqc.2,Translated,6,3
1302,uc003bif.3,Translated,1,0
1303,uc003tlo.1,Translated,1,0
1304,uc010hod.3,Translated,1,0
1305,uc001vxa.1,Untranslated,3,0
1306,uc010cpj.1,Untranslated,2,0
1307,uc001gjj.3,Untranslated,17,16
1308,uc010osv.1,Translated,6,5
1309,uc010yzd.1,Untranslated,1,1
1310,uc003sot.4,Translated,3,1
1311,uc003qec.4,Translated,4,5
1312,uc001aif.3,Translated,1,0
1313,uc003ony.4,Translated,1,0
1314,uc002hci.3,Translated,3,3
1315,uc002hfd.3,Translated,1,0
1316,uc010osr.2,Translated,1,0
1317,uc003sor.4,Translated,3,1
1318,uc010ohl.1,Translated,1,0
1319,uc021wgw.1,Untranslated,1,0
1320,uc003hiz.1,Translated,2,4
1321,uc002tnc.3,Translated,1,1
1322,uc011cse.2,Translated,1,0
1323,uc010drg.3,Translated,3,3
1324,uc003hix.3,Translated,2,4
1325,uc021yba.1,Untranslated,1,0
1326,uc003ibz.1,Untranslated,2,0
1327,uc003udy.3,Translated,1,0
1328,uc002sqw.2,Translated,1,1
1329,uc001mgs.4,Translated,1,1
1330,uc009yoa.1,Untranslated,1,1
1331,uc010tss.2,Translated,1,1
1332,uc001rzs.3,Translated,1,0
1333,uc001chs.3,Translated,1,0
1334,uc001zrq.4,Translated,1,0
1335,uc001rpc.3,Translated,1,1
1336,uc002sbe.3,Translated,1,0
1337,uc011mtp.2,Translated,1,1
1338,uc001xhh.4,Translated,2,0
1339,uc002enw.4,Untranslated,1,0
1340,uc021pcf.1,Untranslated,1,1
1341,uc021tpo.1,Untranslated,2,1
1342,uc010zgx.2,Translated,1,0
1343,uc021uni.1,Untranslated,1,1
1344,uc010zrt.1,Translated,3,1
1345,uc001bsi.1,Translated,1,1
1346,uc003jfw.2,Untranslated,1,0
1347,uc002uuk.3,Translated,1,0
1348,uc001eim.4,Translated,1,3
1349,uc009wdj.3,Translated,1,0
1350,uc001apc.3,Translated,1,0
1351,uc021xpo.1,Untranslated,2,0
1352,uc004cqp.3,Translated,1,0
1353,uc009yok.1,Untranslated,2,1
1354,uc001pdv.3,Untranslated,2,0
1355,uc001pyp.3,Translated,6,3
1356,uc003ngk.4,Translated,1,0
1357,uc002vua.3,Translated,1,0
1358,uc009xcy.3,Translated,1,2
1359,uc001pdz.3,Untranslated,12,10
1360,uc010pvy.1,Translated,3,2
1361,uc001nvt.3,Untranslated,11,8
1362,uc021rje.1,Untranslated,2,0
1363,uc011bpk.1,Translated,1,0
1364,uc002cnn.2,Translated,1,1
1365,uc001nvr.3,Untranslated,11,8
1366,uc010wth.2,Translated,1,1
1367,uc009yge.3,Untranslated,1,1
1368,uc031tbd.1,Translated,1,0
1369,uc001cml.3,Untranslated,1,1
1370,uc003jtp.3,Translated,1,0
1371,uc031tga.1,Untranslated,6,1
1372,uc002wqd.3,Translated,3,1
1373,uc003ple.2,Untranslated,2,2
1374,uc010fxw.1,Untranslated,2,2
1375,uc021ytw.1,Untranslated,1,0
1376,uc001knh.3,Translated,1,0
1377,uc004cos.5,Untranslated,30,30
1378,uc001nvz.2,Untranslated,2,1
1379,uc021ouk.1,Translated,2,3
1380,uc003dtk.2,Untranslated,1,0
1381,uc010trz.2,Translated,1,0
1382,uc004coq.4,Untranslated,3,3
1383,uc010psr.2,Translated,1,2
1384,uc001zgz.2,Translated,1,0
1385,uc001ufj.1,Translated,1,0
1386,uc002rmp.1,Untranslated,1,0
1387,uc004cow.2,Untranslated,1,2
1388,uc001oyo.1,Translated,1,0
1389,uc010hsa.3,Translated,1,0
1390,uc001gee.3,Translated,1,1
1391,uc001kio.3,Translated,1,0
1392,uc002est.2,Translated,1,0
1393,uc010sij.2,Translated,1,0
1394,uc003yug.2,Translated,1,0
1395,uc001gec.3,Translated,1,1
1396,uc001feq.3,Translated,1,0
1397,uc002wqf.1,Untranslated,3,1
1398,uc021usc.1,Untranslated,1,0
1399,uc004fkn.1,Translated,1,0
1400,uc003quq.5,Translated,5,25
1401,uc010bzb.2,Untranslated,2,0
1402,uc003fnq.3,Translated,2,0
1403,uc003uqx.3,Translated,2,0
1404,uc011auu.2,Translated,1,1
1405,uc009zmb.2,Translated,1,0
1406,uc009zbc.3,Translated,6,3
1407,uc003dmm.3,Translated,1,0
1408,uc003cjp.3,Translated,1,0
1409,uc004bqz.2,Translated,1,0
1410,uc010hxx.3,Translated,2,0
1411,uc003kca.4,Translated,1,0
1412,uc001dpu.3,Translated,1,0
1413,uc022aol.1,Untranslated,1,0
1414,uc001xfi.3,Untranslated,1,0
1415,uc003uqv.3,Translated,2,0
1416,uc010hpf.3,Translated,1,0
1417,uc001xfk.3,Untranslated,1,0
1418,uc002fnn.2,Translated,1,1
1419,uc001oys.3,Translated,3,4
1420,uc021vum.1,Translated,2,0
1421,uc001oyq.3,Translated,1,0
1422,uc001nev.1,Translated,1,0
1423,uc011dya.2,Untranslated,1,1
1424,uc001mok.3,Translated,1,0
1425,uc031tdd.1,Translated,1,0
1426,uc011bsb.2,Translated,3,2
1427,uc001cfz.3,Translated,2,2
1428,uc002fum.4,Translated,1,0
1429,uc001cfx.4,Translated,2,2
1430,uc001tuw.3,Translated,2,0
1431,uc010qiz.1,Translated,1,1
1432,uc002wvk.3,Untranslated,1,1
1433,uc021ucd.1,Untranslated,1,0
1434,uc010nak.3,Untranslated,1,1
1435,uc002jsa.2,Untranslated,4,4
1436,uc003jtz.4,Translated,1,0
1437,uc010ikj.1,Translated,1,0
1438,uc002xum.4,Untranslated,3,6
1439,uc002fmy.2,Translated,1,1
1440,uc002xuo.3,Untranslated,3,6
1441,uc011edg.2,Translated,1,0
1442,uc021rgj.1,Untranslated,2,0
1443,uc001rwm.3,Translated,1,0
1444,uc010jfa.3,Untranslated,3,2
1445,uc011dnq.1,Untranslated,2,0
1446,uc001icj.1,Translated,1,0
1447,uc001xxv.1,Untranslated,1,1
1448,uc003jso.4,Untranslated,1,0
1449,uc021yeq.1,Translated,1,0
1450,uc010gtk.1,Translated,2,1
1451,uc003ldg.3,Untranslated,1,1
1452,uc001xxt.3,Translated,1,1
1453,uc002rdj.3,Translated,1,0
1454,uc003eol.3,Translated,1,0
1455,uc003pah.1,Translated,1,0
1456,uc001lyk.2,Translated,1,0
1457,uc003pqk.3,Translated,1,0
1458,uc001rkd.3,Translated,1,0
1459,uc001xfg.2,Translated,1,0
1460,uc003udz.1,Untranslated,1,0
1461,uc003jtr.1,Translated,1,0
1462,uc001sdb.4,Translated,1,0
1463,uc001rtl.3,Translated,5,2
1464,uc010ghx.4,Translated,1,0
1465,uc011dnc.2,Untranslated,2,0
1466,uc002ysg.3,Translated,1,0
1467,uc011ecr.2,Translated,4,5
1468,uc010ndb.2,Untranslated,1,0
1469,uc011bsp.2,Translated,1,0
1470,uc002ldm.2,Translated,4,3
1471,uc003dnc.3,Untranslated,1,1
1472,uc010ojm.1,Translated,2,2
1473,uc002yse.1,Translated,1,0
1474,uc002ysc.3,Translated,1,0
1475,uc009xid.3,Translated,1,0
1476,uc002eeu.4,Translated,4,5
1477,uc002xzx.3,Translated,1,0
1478,uc001qfi.3,Translated,1,0
1479,uc011ddy.2,Translated,1,0
1480,uc002qth.1,Translated,2,0
1481,uc002qsc.2,Translated,1,0
1482,uc010mwm.4,Translated,1,0
1483,uc021udv.1,Translated,1,1
1484,uc010ska.2,Translated,1,0
1485,uc001qfg.3,Translated,1,0
1486,uc001bsj.1,Translated,1,1
1487,uc003lds.3,Translated,3,2
1488,uc010bfn.3,Translated,1,0
1489,uc003zac.1,Translated,1,0
1490,uc010pek.2,Translated,1,0
1491,uc010ghz.3,Untranslated,1,1
1492,uc002hhk.1,Translated,1,0
1493,uc011kau.2,Translated,1,0
1494,uc001bsf.1,Translated,1,1
1495,uc010dgx.1,Untranslated,1,1
1496,uc001dgy.2,Translated,6,6
1497,uc022abu.1,Translated,1,0
1498,uc009zqm.2,Translated,1,0
1499,uc002hbu.3,Translated,1,0
1500,uc001rtp.4,Translated,1,2
1501,uc002ldq.3,Translated,6,4
1502,uc004dww.4,Translated,1,0
1503,uc001nuf.3,Translated,1,1
1504,uc021udx.1,Translated,1,1
1505,uc021wfo.1,Translated,1,0
1506,uc021ypn.1,Untranslated,1,0
1507,uc001sdl.4,Translated,1,0
1508,uc001esb.2,Translated,1,0
1509,uc002zvo.3,Translated,2,1
1510,uc002fne.4,Translated,1,1
1511,uc001uir.3,Translated,1,0
1512,uc001rjc.1,Translated,1,0
1513,uc001lse.1,Translated,1,0
1514,uc010nwb.1,Untranslated,1,0
1515,uc021ots.1,Translated,2,3
1516,uc009wse.3,Translated,1,0
1517,uc031plh.1,Translated,1,0
1518,uc031tdc.1,Translated,1,0
1519,uc003gjs.4,Translated,2,0
1520,uc002tml.3,Translated,1,0
1521,uc003zkk.3,Translated,2,0
1522,uc002cqy.3,Untranslated,1,0
1523,uc003hrw.2,Translated,1,0
1524,uc003caj.1,Translated,1,1
1525,uc001txp.3,Translated,1,0
1526,uc003cal.1,Translated,1,1
1527,uc021tqy.1,Untranslated,5,3
1528,uc010mef.2,Translated,1,0
1529,uc009vmw.3,Translated,0,1
1530,uc001gzv.3,Translated,0,1
1531,uc003yok.1,Translated,0,1
1532,uc009vmu.1,Translated,0,1
1533,uc001ira.3,Translated,0,1
1534,uc003tdr.1,Translated,0,1
1535,uc010uki.2,Translated,0,1
1536,uc002bdo.3,Translated,0,1
1537,uc001pcl.4,Translated,0,1
1538,uc002uri.4,Translated,0,1
1539,uc003fxn.4,Translated,0,1
1540,uc010ukk.2,Translated,0,1
1541,uc010ugm.1,Translated,0,2
1542,uc001gop.3,Translated,0,1
1543,uc003fxp.2,Untranslated,0,1
1544,uc021yrn.1,Untranslated,0,1
1545,uc010iam.1,Translated,0,1
1546,uc004bob.1,Translated,0,1
1547,uc010orh.1,Translated,0,1
1548,uc010qsa.3,Translated,0,1
1549,uc001snt.2,Translated,0,1
1550,uc010nqy.3,Translated,0,1
1551,uc003uyx.4,Translated,0,1
1552,uc003agw.4,Translated,0,1
1553,uc001tql.4,Translated,0,4
1554,uc001jmx.4,Translated,0,1
1555,uc002ezm.3,Translated,0,1
1556,uc009xpn.1,Translated,0,1
1557,uc001qzj.4,Translated,0,2
1558,uc002aec.3,Translated,0,2
1559,uc010oqs.2,Translated,0,2
1560,uc011cmn.2,Translated,0,5
1561,uc001lan.4,Translated,0,1
1562,uc010zfs.2,Translated,0,1
1563,uc010ctw.1,Untranslated,0,1
1564,uc004aax.3,Translated,0,1
1565,uc001yft.3,Translated,0,2
1566,uc004bdo.1,Translated,0,1
1567,uc010hqt.1,Translated,0,1
1568,uc021ovi.1,Untranslated,0,1
1569,uc003kfh.1,Translated,0,1
1570,uc010tbd.2,Translated,0,1
1571,uc003pll.1,Translated,0,1
1572,uc010udb.2,Translated,0,1
1573,uc021olh.1,Translated,0,1
1574,uc010nhy.2,Translated,0,1
1575,uc003bky.2,Translated,0,1
1576,uc031poo.1,Untranslated,0,2
1577,uc002urj.3,Untranslated,0,1
1578,uc003yvn.3,Translated,0,2
1579,uc001mjq.1,Translated,0,1
1580,uc021ykn.1,Translated,0,1
1581,uc003mbp.1,Translated,0,1
1582,uc002mvu.2,Translated,0,1
1583,uc010dli.3,Translated,0,1
1584,uc001oit.3,Translated,0,1
1585,uc002nhz.4,Translated,0,1
1586,uc001hfr.4,Translated,0,5
1587,uc010stf.2,Translated,0,1
1588,uc009wlc.3,Untranslated,0,2
1589,uc002aut.4,Translated,0,2
1590,uc001ugm.4,Translated,0,1
1591,uc002srs.4,Translated,0,1
1592,uc002ojl.3,Translated,0,1
1593,uc011brj.1,Translated,0,1
1594,uc010zft.2,Translated,0,1
1595,uc001dnn.3,Translated,0,1
1596,uc010lwr.3,Untranslated,0,1
1597,uc002ojj.1,Translated,0,1
1598,uc010esi.1,Translated,0,1
1599,uc001jmz.1,Translated,0,1
1600,uc003weu.2,Translated,0,1
1601,uc022bqu.2,Untranslated,0,1
1602,uc003bld.2,Translated,0,1
1603,uc010pns.2,Translated,0,1
1604,uc010bxg.3,Translated,0,8
1605,uc001tsj.3,Translated,0,2
1606,uc003ere.3,Translated,0,1
1607,uc001qhp.3,Translated,0,1
1608,uc001arn.3,Translated,0,1
1609,uc001uqo.3,Translated,0,1
1610,uc001tsh.3,Translated,0,2
1611,uc003mbj.3,Translated,0,1
1612,uc003erc.1,Translated,0,1
1613,uc010ups.1,Untranslated,0,1
1614,uc021ymj.2,Translated,0,2
1615,uc002qia.1,Translated,0,1
1616,uc021oqb.1,Untranslated,0,1
1617,uc001zok.4,Translated,0,1
1618,uc010xde.2,Translated,0,1
1619,uc002aed.3,Translated,0,2
1620,uc002acd.1,Translated,0,1
1621,uc010pji.2,Translated,0,1
1622,uc021rdt.1,Translated,0,4
1623,uc001uqi.3,Translated,0,1
1624,uc003eag.4,Translated,0,1
1625,uc010lvu.1,Untranslated,0,1
1626,uc010bck.3,Translated,0,1
1627,uc003blb.2,Translated,0,1
1628,uc003gxp.3,Translated,0,1
1629,uc010ywq.2,Translated,0,1
1630,uc003vee.2,Translated,0,1
1631,uc010zbr.2,Translated,0,1
1632,uc003era.1,Translated,0,1
1633,uc009wle.2,Untranslated,0,1
1634,uc010slh.2,Translated,0,1
1635,uc009wyk.3,Untranslated,0,1
1636,uc010tro.2,Translated,0,1
1637,uc009xcf.3,Translated,0,5
1638,uc011bpz.2,Translated,0,4
1639,uc011cvu.2,Translated,0,1
1640,uc003jdx.1,Translated,0,5
1641,uc010qlb.2,Translated,0,1
1642,uc009yrh.3,Translated,0,1
1643,uc010bci.3,Translated,0,1
1644,uc002gho.2,Translated,0,1
1645,uc002uig.3,Translated,0,1
1646,uc002zgt.2,Translated,0,1
1647,uc010biu.1,Translated,0,1
1648,uc001ugn.4,Translated,0,1
1649,uc001ugp.3,Translated,0,1
1650,uc011dzc.2,Translated,0,1
1651,uc010ndr.3,Translated,0,1
1652,uc010txy.2,Translated,0,1
1653,uc002fck.3,Translated,0,1
1654,uc002zgy.2,Translated,0,1
1655,uc002xve.4,Translated,0,1
1656,uc003hlp.1,Translated,0,1
1657,uc001esk.5,Untranslated,0,2
1658,uc031slc.1,Translated,0,1
1659,uc021why.1,Untranslated,0,1
1660,uc002uaa.3,Translated,0,1
1661,uc010zgc.2,Translated,0,1
1662,uc010vgv.1,Translated,0,1
1663,uc010ste.2,Translated,0,1
1664,uc001mho.3,Translated,0,1
1665,uc003tvx.4,Translated,0,1
1666,uc001nfn.3,Translated,0,1
1667,uc002tzw.3,Translated,0,1
1668,uc010zga.1,Translated,0,1
1669,uc021qyy.1,Untranslated,0,1
1670,uc003eai.1,Translated,0,1
1671,uc001nfl.3,Translated,0,1
1672,uc010hlt.4,Translated,0,1
1673,uc002qhv.1,Translated,0,1
1674,uc010zbp.2,Translated,0,1
1675,uc010zgi.2,Translated,0,1
1676,uc002zgu.2,Untranslated,0,1
1677,uc001fwe.2,Translated,0,1
1678,uc001pbm.3,Translated,0,1
1679,uc003ved.2,Translated,0,1
1680,uc003ysb.3,Untranslated,0,2
1681,uc010oan.2,Translated,0,1
1682,uc002zgr.2,Translated,0,1
1683,uc003voz.3,Translated,0,1
1684,uc001pbo.1,Translated,0,1
1685,uc011lcf.2,Untranslated,0,1
1686,uc011dgx.2,Translated,0,1
1687,uc010dlg.3,Translated,0,1
1688,uc001yme.2,Translated,0,1
1689,uc003lbz.2,Translated,0,1
1690,uc001tvw.3,Translated,0,1
1691,uc001dnv.3,Translated,0,1
1692,uc010sti.2,Translated,0,1
1693,uc003evn.3,Translated,0,1
1694,uc001twj.3,Translated,0,1
1695,uc003jcy.3,Translated,0,1
1696,uc003kyp.2,Translated,0,1
1697,uc001aoh.3,Translated,0,1
1698,uc001ssl.2,Translated,0,1
1699,uc002ush.3,Translated,0,1
1700,uc001kyi.1,Translated,0,1
1701,uc002sfp.2,Translated,0,1
1702,uc001lhj.3,Untranslated,0,1
1703,uc003tvv.4,Translated,0,1
1704,uc011cyx.2,Translated,0,1
1705,uc003umx.1,Untranslated,0,2
1706,uc002hhp.1,Translated,0,1
1707,uc002sei.1,Translated,0,1
1708,uc003xmr.3,Translated,0,1
1709,uc011alc.2,Translated,0,1
1710,uc001dnx.3,Translated,0,1
1711,uc010stg.2,Translated,0,1
1712,uc021ouv.1,Untranslated,0,1
1713,uc001mjs.3,Translated,0,1
1714,uc002ryc.3,Translated,0,1
1715,uc003tdq.1,Translated,0,1
1716,uc011lzm.1,Translated,0,1
1717,uc003uyu.3,Translated,0,1
1718,uc002zgq.2,Untranslated,0,1
1719,uc031sqv.1,Translated,0,1
1720,uc003xjj.3,Translated,0,1
1721,uc001grl.3,Translated,0,1
1722,uc002zgs.2,Untranslated,0,1
1723,uc021vqr.1,Translated,0,1
1724,uc003qqq.1,Translated,0,1
1725,uc010mqx.3,Translated,0,1
1726,uc021uuh.1,Translated,0,1
1727,uc003vwg.2,Translated,0,1
1728,uc021xyt.1,Untranslated,0,1
1729,uc011lcg.2,Untranslated,0,1
1730,uc011ald.1,Translated,0,1
1731,uc002ywp.3,Translated,0,1
1732,uc003qqp.3,Translated,0,1
1733,uc003uys.4,Translated,0,1
1734,uc021qwa.1,Translated,0,1
1735,uc011kpk.2,Untranslated,0,3
1736,uc001grj.3,Translated,0,1
1737,uc011alb.1,Translated,0,1
1738,uc021rtu.1,Untranslated,0,1
1739,uc010mnd.3,Translated,0,1
1740,uc002aeb.3,Translated,0,2
1741,uc002urk.4,Translated,0,1
1742,uc001hqr.3,Translated,0,1
1743,uc003vio.3,Translated,0,1
1744,uc003lca.2,Translated,0,1
1745,uc003mex.1,Translated,0,1
1746,uc001gfk.2,Translated,0,1
1747,uc003hlq.1,Translated,0,1
1748,uc001goe.2,Translated,0,1
1749,uc021ygh.2,Translated,0,1
1750,uc002qht.1,Translated,0,1
1751,uc002twm.4,Translated,0,1
1752,uc003kvh.3,Translated,0,1
1753,uc002qhz.1,Translated,0,1
1754,uc004csq.4,Translated,0,1
1755,uc003uyw.3,Translated,0,1
1756,uc031sqt.1,Translated,0,1
1757,uc021ofr.1,Untranslated,0,1
1758,uc002jaa.4,Translated,0,1
1759,uc002tla.2,Translated,0,1
1760,uc002atx.2,Translated,0,1
1761,uc001xdn.2,Untranslated,0,1
1762,uc002ryg.3,Translated,0,1
1763,uc002tzy.1,Translated,0,1
1764,uc002nss.3,Translated,0,1
1765,uc001xdl.3,Untranslated,0,1
1766,uc011byq.2,Translated,0,1
1767,uc010wcb.2,Translated,0,1
1768,uc002rye.3,Translated,0,1
1769,uc003iix.4,Translated,0,1
1770,uc001gfj.4,Translated,0,1
1771,uc003gut.4,Translated,0,1
1772,uc001uva.3,Translated,0,2
1773,uc002qhx.1,Translated,0,1
1774,uc003klx.3,Translated,0,1
1775,uc003vqo.1,Untranslated,0,3
1776,uc002twi.3,Translated,0,1
1777,uc021wyu.1,Translated,0,1
1778,uc010ljr.2,Translated,0,3
1779,uc003qqn.3,Translated,0,1
1780,uc002ldf.3,Translated,0,1
1781,uc022bvq.1,Translated,0,1
1782,uc001dfw.3,Translated,0,2
1783,uc001zeu.3,Untranslated,0,1
1784,uc010bfs.3,Translated,0,2
1785,uc003fiy.2,Translated,0,4
1786,uc003ldj.3,Translated,0,1
1787,uc001igg.1,Untranslated,0,1
1788,uc001ric.2,Translated,0,1
1789,uc002qhr.1,Translated,0,1
1790,uc002uie.3,Translated,0,1
1791,uc004dbl.3,Translated,0,1
1792,uc001suc.3,Translated,0,1
1793,uc010fdk.2,Translated,0,1
1794,uc001ige.3,Translated,0,1
1795,uc001jwj.3,Translated,0,1
1796,uc001uqg.1,Translated,0,1
1797,uc021qmb.1,Translated,0,1
1798,uc001uqq.3,Translated,0,1
1799,uc009zkj.1,Translated,0,1
1800,uc003mls.4,Translated,0,1
1801,uc021vnb.1,Untranslated,0,1
1802,uc010jie.1,Translated,0,1
1803,uc031sac.1,Translated,0,1
1804,uc002hkc.4,Translated,0,1
1805,uc003vfq.2,Translated,0,3
1806,uc003vpb.3,Translated,0,1
1807,uc010ddp.3,Translated,0,1
1808,uc004cfc.1,Translated,0,1
1809,uc003lvo.4,Translated,0,1
1810,uc010zel.2,Translated,0,1
1811,uc002atv.2,Translated,0,1
1812,uc002izx.4,Translated,0,1
1813,uc009wld.3,Untranslated,0,2
1814,uc031qke.1,Translated,0,1
1815,uc003vin.3,Translated,0,1
1816,uc001nfp.3,Translated,0,1
1817,uc011bnk.2,Translated,0,1
1818,uc001gos.2,Translated,0,1
1819,uc031saa.1,Translated,0,1
1820,uc003xxb.1,Untranslated,0,1
1821,uc004bnz.1,Translated,0,1
1822,uc001hnj.3,Translated,0,1
1823,uc031ptc.1,Translated,0,1
1824,uc001bpw.3,Translated,0,1
1825,uc003klt.3,Translated,0,1
1826,uc010wpd.2,Translated,0,1
1827,uc003aiy.1,Translated,0,1
1828,uc002ehi.4,Translated,0,1
1829,uc002upg.3,Untranslated,0,1
1830,uc001iom.3,Translated,0,1
1831,uc010ohz.2,Translated,0,1
1832,uc002qhu.1,Translated,0,1
1833,uc010yba.2,Untranslated,0,1
1834,uc001iqv.3,Untranslated,0,1
1835,uc011dzb.2,Translated,0,1
1836,uc010gwc.1,Translated,0,1
1837,uc009zpo.1,Untranslated,0,1
1838,uc003mwk.3,Translated,0,1
1839,uc002tye.3,Translated,0,2
1840,uc010frz.3,Translated,0,1
1841,uc011buc.2,Translated,0,1
1842,uc010gpx.2,Untranslated,0,1
1843,uc003kfi.1,Translated,0,1
1844,uc001iok.3,Translated,0,1
1845,uc002tzv.3,Translated,0,1
1846,uc002ojk.3,Translated,0,1
1847,uc009vmv.3,Translated,0,1
1848,uc002tdx.3,Translated,0,1
1849,uc009xfv.1,Untranslated,0,1
1850,uc009xhn.1,Untranslated,0,1
1851,uc010zgj.2,Translated,0,1
1852,uc002bdn.3,Translated,0,1
1853,uc031qgg.1,Translated,0,2
1854,uc002izz.4,Translated,0,1
1855,uc021vbp.1,Untranslated,0,1
1856,uc003qsn.4,Translated,0,1
1857,uc021wyt.2,Translated,0,1
1858,uc021sqy.1,Translated,0,1
1859,uc003fxo.4,Translated,0,1
1860,uc003fiw.4,Translated,0,4
1861,uc002tzz.1,Translated,0,1
1862,uc001rhz.2,Translated,0,1
1863,uc004boc.3,Translated,0,1
1864,uc001goq.2,Translated,0,1
1865,uc001iqt.3,Translated,0,1
1866,uc003oce.3,Translated,0,1
1867,uc004boa.1,Translated,0,1
1868,uc001bpv.1,Untranslated,0,1
1869,uc031rty.1,Translated,0,1
1870,uc031rub.1,Untranslated,0,1
1871,uc003agv.4,Translated,0,1
1872,uc010lxz.1,Translated,0,1
1873,uc021shu.1,Untranslated,0,1
1874,uc021pny.1,Translated,0,1
1875,uc009xdz.2,Translated,0,1
1876,uc010zbo.2,Translated,0,1
1877,uc003bkz.2,Translated,0,1
1878,uc002gym.4,Translated,0,1
1879,uc002ojo.1,Translated,0,1
1880,uc002hcm.1,Untranslated,0,1
1881,uc003mwi.3,Translated,0,1
1882,uc002xva.4,Translated,0,1
1883,uc022bqo.2,Untranslated,0,1
1884,uc001byp.3,Untranslated,0,1
1885,uc004cxx.3,Translated,0,1
1886,uc031rud.1,Translated,0,1
1887,uc010zbu.2,Translated,0,2
1888,uc001laq.4,Translated,0,1
1889,uc009xes.3,Translated,0,1
1890,uc002bsn.3,Translated,0,1
1891,uc010ejz.2,Translated,0,1
1892,uc003eaf.4,Untranslated,0,1
1893,uc001pkm.3,Translated,0,1
1894,uc001dnm.3,Translated,0,1
1895,uc010ukj.2,Translated,0,1
1896,uc009xaq.3,Translated,0,1
1897,uc001vnn.1,Translated,0,1
1898,uc021qdx.1,Translated,0,1
1899,uc010tim.1,Translated,0,1
1900,uc009wtm.2,Translated,0,1
1901,uc002xvc.4,Translated,0,1
1902,uc031pop.1,Untranslated,0,2
1903,uc011lqh.2,Translated,0,3
1904,uc010pvs.2,Translated,0,1
1905,uc010igh.3,Translated,0,1
1906,uc001rki.1,Translated,0,1
1907,uc001sub.3,Translated,0,1
1908,uc003tvw.4,Translated,0,1
1909,uc009xpo.1,Translated,0,1
1910,uc002pbi.2,Translated,0,1
1911,uc001zoj.4,Translated,0,1
1912,uc002nsq.3,Translated,0,1
1913,uc001dhg.4,Translated,0,1
1914,uc001pbl.3,Translated,0,1
1915,uc003fnn.1,Translated,0,1
1916,uc003mbi.3,Translated,0,1
1917,uc003erb.1,Translated,0,1
1918,uc002bnj.2,Translated,0,1
1919,uc022ccg.2,Translated,0,1
1920,uc010kwn.1,Untranslated,0,1
1921,uc021uxu.1,Translated,0,1
1922,uc002pbk.2,Translated,0,1
1923,uc010bcj.3,Translated,0,1
1924,uc001ldv.3,Untranslated,0,1
1925,uc010ege.1,Translated,0,1
1926,uc021yqd.1,Untranslated,0,1
1927,uc011kkn.2,Translated,0,1
1928,uc003bla.2,Translated,0,1
1929,uc021uxv.1,Translated,0,1
1930,uc011cqg.2,Translated,0,1
1931,uc002tzt.1,Translated,0,1
1932,uc009zdg.1,Untranslated,0,1
1933,uc003xqs.1,Translated,0,1
1934,uc002tzu.3,Translated,0,1
1935,uc010jlc.3,Translated,0,1
1936,uc001gzw.3,Translated,0,1
1937,uc001bpx.3,Translated,0,1
1938,uc001byq.3,Untranslated,0,1
1939,uc002bsp.3,Translated,0,1
1940,uc010zgd.2,Translated,0,1
1941,uc001hfq.4,Translated,0,5
1942,uc010bit.1,Translated,0,1
1943,uc001ria.3,Translated,0,1
1944,uc021tkp.1,Untranslated,0,1
1945,uc001qzb.4,Untranslated,0,2
1946,uc031rue.1,Translated,0,1
1947,uc001ugo.4,Translated,0,1
1948,uc001tjw.3,Translated,0,1
1949,uc002fcl.3,Translated,0,1
1950,uc010ian.2,Translated,0,1
1951,uc001zev.3,Untranslated,0,1
1952,uc011bie.1,Translated,0,1
1953,uc001jki.1,Translated,0,1
1954,uc003gxo.3,Translated,0,1
1955,uc003ldi.3,Translated,0,1
1956,uc010ial.3,Translated,0,1
1957,uc003kvj.3,Translated,0,1
1958,uc021ofq.1,Translated,0,1
1959,uc003hlm.3,Untranslated,0,1
1960,uc001lao.4,Translated,0,1
1961,uc003zzq.3,Translated,0,3
1962,uc001rid.2,Translated,0,1
1963,uc002ace.1,Translated,0,1
1964,uc001uqj.3,Translated,0,1
1965,uc003nda.2,Translated,0,2
1966,uc002ezn.3,Translated,0,1
1967,uc003tds.1,Translated,0,1
1968,uc001nfm.3,Translated,0,1
1969,uc010cfw.3,Translated,0,1
1970,uc010ugn.1,Translated,0,2
1971,uc010hqu.1,Translated,0,1
1972,uc001ymd.2,Translated,0,1
1973,uc009zwq.3,Translated,0,1
1974,uc001fwd.2,Translated,0,1
1975,uc001sns.2,Translated,0,1
1976,uc010zbq.2,Translated,0,1
1977,uc002jiz.2,Untranslated,0,1
1978,uc010sth.2,Translated,0,1
1979,uc001dnw.3,Translated,0,1
1980,uc003kyq.2,Translated,0,1
1981,uc001nfk.2,Translated,0,1
1982,uc010zgb.1,Translated,0,1
1983,uc003hln.3,Untranslated,0,1
1984,uc003qqo.3,Translated,0,1
1985,uc010ywp.1,Translated,0,1
1986,uc001hui.2,Translated,0,1
1987,uc010dlh.3,Translated,0,1
1988,uc004ase.2,Translated,0,1
1989,uc010yqm.1,Translated,0,1
1990,uc003iiw.4,Translated,0,1
1991,uc002usf.3,Translated,0,1
1992,uc011egp.1,Translated,0,1
1993,uc011brk.1,Translated,0,1
1994,uc003qvl.3,Translated,0,1
1995,uc002zgv.2,Untranslated,0,1
1996,uc001bys.3,Translated,0,2
1997,uc001bzf.2,Translated,0,1
1998,uc002tdy.3,Translated,0,1
1999,uc003qvk.3,Translated,0,1
2000,uc001tqk.4,Translated,0,4
2001,uc003qsl.4,Translated,0,1
2002,uc003lcb.2,Translated,0,1
2003,uc010pjj.2,Translated,0,1
2004,uc001bzd.2,Translated,0,1
2005,uc009zwa.2,Translated,0,1
2006,uc001tsk.3,Untranslated,0,2
2007,uc003gus.4,Translated,0,1
2008,uc003pqc.3,Untranslated,0,1
2009,uc021yru.1,Untranslated,0,1
2010,uc001fdb.4,Translated,0,1
2011,uc002aea.3,Translated,0,2
2012,uc010bxf.3,Untranslated,0,2
2013,uc001jmw.2,Translated,0,1
2014,uc001tsi.3,Translated,0,2
2015,uc031ruf.1,Translated,0,1
2016,uc001uqn.1,Translated,0,1
2017,uc003qsk.4,Translated,0,1
2018,uc003vqp.3,Untranslated,0,3
2019,uc010pjh.2,Translated,0,1
2020,uc003mhx.3,Translated,0,1
2021,uc001lam.4,Translated,0,1
2022,uc001dny.2,Translated,0,1
2023,uc002nsr.3,Translated,0,1
2024,uc010oam.2,Translated,0,1
2025,uc001hvl.2,Translated,0,1
2026,uc001mjr.3,Translated,0,1
2027,uc010mlt.3,Translated,0,3
2028,uc002upf.3,Translated,0,1
2029,uc001qzf.2,Translated,0,2
2030,uc003dbm.4,Translated,0,1
2031,uc002yhf.3,Translated,0,2
2032,uc021uui.1,Translated,0,1
2033,uc021xki.1,Untranslated,0,1
2034,uc001ttn.4,Untranslated,0,1
2035,uc002rvu.1,Untranslated,0,1
2036,uc002bnk.2,Translated,0,1
2037,uc009xce.3,Translated,0,5
2038,uc003gxq.4,Untranslated,0,1
2039,uc010qlc.2,Translated,0,1
2040,uc009yri.3,Translated,0,1
2041,uc003blc.3,Translated,0,1
2042,uc001tsm.1,Translated,0,2
2043,uc011cyy.2,Translated,0,1
2044,uc001lhk.1,Translated,0,1
2045,uc009yrk.3,Translated,0,1
2046,uc004euj.3,Translated,0,1
2047,uc011kpm.2,Translated,0,1
2048,uc001irb.3,Untranslated,0,1
2049,uc002yfe.2,Translated,0,1
2050,uc010psf.2,Untranslated,0,5
2051,uc010igi.3,Translated,0,1
2052,uc021pbx.1,Untranslated,0,1
2053,uc002tzx.3,Translated,0,1
2054,uc002iuz.1,Translated,0,1
2055,uc010hls.4,Translated,0,1
2056,uc002uif.3,Translated,0,1
2057,uc021qyx.1,Untranslated,0,1
2058,uc003ndf.2,Translated,0,1
2059,uc010lmh.2,Translated,0,1
2060,uc003mtq.3,Translated,0,1
2061,uc002qhy.1,Translated,0,1
2062,uc002aty.2,Translated,0,1
2063,uc010enf.2,Translated,0,1
2064,uc001uqp.3,Translated,0,1
2065,uc009wyj.3,Translated,0,1
2066,uc011cuo.1,Translated,0,1
2067,uc022bgu.1,Translated,0,3
2068,uc001pbn.3,Translated,0,1
2069,uc002xvd.4,Translated,0,1
2070,uc002zgw.2,Translated,0,1
2071,uc001twk.3,Translated,0,1
2072,uc004bdp.1,Translated,0,1
2073,uc021who.1,Untranslated,0,1
2074,uc021ygi.1,Translated,0,1
2075,uc003zzs.1,Translated,0,2
2076,uc003vfr.3,Translated,0,3
2077,uc002qhs.2,Translated,0,1
2078,uc011ldl.1,Untranslated,0,1
2079,uc001pck.4,Translated,0,1
2080,uc010meo.3,Translated,0,2
2081,uc010nlq.1,Untranslated,0,10
2082,uc002qhq.3,Translated,0,1
2083,uc011bub.2,Translated,0,1
2084,uc011bud.2,Translated,0,1
2085,uc009zvz.2,Translated,0,1
2086,uc002jfo.1,Translated,0,1
2087,uc002rax.3,Translated,0,1
2088,uc021qve.1,Untranslated,0,2
2089,uc003wwu.3,Translated,0,2
2090,uc004arz.3,Translated,0,1
2091,uc002ksj.4,Translated,0,1
2092,uc001hni.2,Translated,0,1
2093,uc002qhw.1,Translated,0,1
2094,uc011bue.2,Translated,0,1
2095,uc009xdy.1,Translated,0,1
2096,uc003agu.4,Translated,0,1
2097,uc004enz.2,Translated,0,1
2098,uc010dlj.3,Untranslated,0,1
2099,uc002ghr.1,Translated,0,1
2100,uc031ptb.1,Translated,0,1
2101,uc010mts.1,Translated,0,1
2102,uc003mlv.4,Translated,0,1
2103,uc003uyt.3,Translated,0,1
2104,uc002atw.2,Translated,0,1
2105,uc002zgp.2,Untranslated,0,1
2106,uc031squ.1,Translated,0,1
2107,uc003ndd.2,Translated,0,1
2108,uc003mlt.4,Translated,0,1
2109,uc011kpl.2,Translated,0,1
2110,uc003zio.3,Translated,0,1
2111,uc003dbk.5,Translated,0,1
2112,uc011muj.2,Translated,0,1
2113,uc010rtl.2,Translated,0,1
2114,uc003pjy.3,Translated,0,1
2115,uc003xxa.1,Untranslated,0,1
2116,uc001miq.3,Translated,0,1
2117,uc002jeb.3,Untranslated,0,1
2118,uc010mqy.2,Translated,0,1
2119,uc002ppe.3,Translated,0,1
2120,uc011kpa.2,Translated,0,1
2121,uc002iva.3,Translated,0,1
2122,uc003zpe.2,Untranslated,0,1
2123,uc010rhm.2,Translated,0,1
2124,uc003fix.4,Translated,0,4
2125,uc003tdp.1,Translated,0,1
2126,uc001hqs.3,Translated,0,1
2127,uc010tdk.2,Translated,0,1
2128,uc003tdo.1,Translated,0,1
2129,uc001ukf.3,Translated,0,1
2130,uc001ttm.3,Translated,0,1
2131,uc021ymk.1,Translated,0,1
2132,uc002jal.4,Translated,0,1
2133,uc009xfu.3,Untranslated,0,1
2134,uc011buf.1,Untranslated,0,1
2135,uc003kyr.2,Translated,0,1
2136,uc021qvg.1,Untranslated,0,2
2137,uc003vqq.3,Untranslated,0,3
2138,uc004cfb.2,Translated,0,1
2139,uc003uyv.3,Translated,0,1
2140,uc001iqs.3,Translated,0,1
2141,uc002twj.3,Translated,0,1
2142,uc002twk.3,Translated,0,1
2143,uc010cml.1,Untranslated,0,1
2144,uc001rhy.1,Translated,0,1
2145,uc021ujr.1,Translated,0,1
2146,uc002ryf.3,Translated,0,1
2147,uc031rug.1,Translated,0,1
2148,uc003plk.3,Untranslated,0,1
2149,uc031rtz.1,Translated,0,1
2150,uc011knl.2,Translated,0,1
2151,uc002ryd.3,Translated,0,1
2152,uc009xhm.1,Translated,0,1
2153,uc010awb.1,Untranslated,0,2
2154,uc003vqs.3,Translated,0,1
2155,uc031rua.1,Translated,0,1
2156,uc002xvf.3,Translated,0,1
2157,uc001bpu.3,Translated,0,1
2158,uc009yrj.3,Translated,0,1
2159,uc010tif.2,Translated,0,3
2160,uc002ldg.3,Translated,0,1
2161,uc002urh.4,Translated,0,1
2162,uc003vpa.3,Translated,0,1
2163,uc001ymc.2,Translated,0,1
2164,uc010sjr.1,Translated,0,1
2165,uc010ndq.3,Translated,0,1
2166,uc001rkj.3,Translated,0,1
2167,uc003nde.2,Translated,0,1
2168,uc003wwt.3,Translated,0,2
2169,uc004csr.3,Translated,0,1
2170,uc003guq.4,Translated,0,1
2171,uc002ylm.4,Untranslated,0,1
2172,uc031ruc.1,Translated,0,1
2173,uc002gyn.4,Translated,0,1
2174,uc001esl.5,Untranslated,0,2
2175,uc009zqo.2,Translated,0,1
2176,uc001igf.1,Translated,0,1
2177,uc021sht.1,Untranslated,0,1
2178,uc002uzd.1,Untranslated,0,1
2179,uc004ebq.1,Untranslated,0,6
2180,uc001jwi.3,Translated,0,1
2181,uc002gyl.4,Translated,0,1
2182,uc003tdn.1,Translated,0,1
2183,uc021vqs.2,Untranslated,0,2
2184,uc010wnm.1,Translated,0,1
2185,uc002sqs.3,Translated,0,1
2186,uc002hho.1,Translated,0,1
2187,uc003ocf.3,Translated,0,1
2188,uc003aiz.1,Translated,0,1
2189,uc010qsu.2,Translated,0,1
2190,uc003qvj.3,Translated,0,1
2191,uc010hua.1,Translated,0,1
2192,uc002xvb.4,Untranslated,0,1
2193,uc001gzx.3,Translated,0,1
2194,uc004bgj.4,Translated,0,1
2195,uc002pbj.2,Translated,0,1
2196,uc010ifn.3,Untranslated,0,1
2197,uc002vbj.3,Untranslated,0,1
2198,uc003aja.1,Translated,0,1
2199,uc002bso.1,Translated,0,1
2200,uc003guu.4,Translated,0,1
2201,uc001pkl.1,Translated,0,1
2202,uc001gor.2,Translated,0,1
2203,uc003yrw.2,Translated,0,1
2204,uc003ldh.3,Translated,0,1
2205,uc002ehj.3,Translated,0,1
2206,uc002jfp.1,Translated,0,1
2207,uc003ncz.2,Translated,0,2
2208,uc002tlb.2,Translated,0,1
2209,uc011ala.1,Translated,0,1
2210,uc010lxy.1,Translated,0,1
2211,uc003plm.4,Translated,0,1
2212,uc001rkh.1,Translated,0,1
2213,uc003vec.2,Translated,0,1
2214,uc003ecq.3,Translated,0,1
2215,uc002pbh.2,Translated,0,1
2216,uc031tds.1,Translated,0,3
2217,uc021ybr.1,Translated,0,1
2218,uc009xar.3,Translated,0,1
2219,uc003jpi.4,Translated,0,1
2220,uc003mwj.3,Translated,0,1
2221,uc003mbh.3,Translated,0,1
2222,uc011mix.2,Translated,0,1
2223,uc003kvi.3,Translated,0,1
2224,uc001iol.3,Translated,0,1
2225,uc003mey.3,Translated,0,1
2226,uc010men.3,Translated,0,2
2227,uc001rib.2,Translated,0,1
2228,uc031sab.1,Translated,0,1
2229,uc011dqh.2,Translated,0,1
2230,uc003kvk.3,Untranslated,0,1
2231,uc001ldu.3,Translated,0,1
2232,uc002bsm.2,Translated,0,1
2233,uc002hkd.4,Translated,0,1
2234,uc010fry.1,Translated,0,1
2235,uc001lap.4,Translated,0,1
2236,uc001dhh.2,Translated,0,1
2237,uc010kjx.3,Translated,0,1
