,chromosome,dataset,feature_end,feature_start,translation_status
0,chr1,IonXpress_NONO_c,17200216,17199602,Non coding
1,chr1,IonXpress_NONO_c,17256779,17066892,Protein coding
2,chr1,IonXpress_NONO_c,45241704,45241272,Protein coding
3,chr1,IonXpress_NONO_c,76253180,76251959,Non coding
4,chr1,IonXpress_NONO_c,76253180,76251959,Protein coding
5,chr1,IonXpress_NONO_c,76253180,76251959,Non coding
6,chr1,IonXpress_NONO_c,76253180,76251959,Protein coding
7,chr1,IonXpress_NONO_c,76253180,76251959,Non coding
8,chr1,IonXpress_NONO_c,76253180,76251959,Protein coding
9,chr1,IonXpress_NONO_c,76253180,76251959,Non coding
10,chr1,IonXpress_NONO_c,76253180,76251959,Protein coding
11,chr1,IonXpress_NONO_c,145248819,145209436,Protein coding
12,chr1,IonXpress_NONO_c,145248811,145209436,Protein coding
13,chr1,IonXpress_NONO_c,145227039,145224702,Protein coding
14,chr1,IonXpress_NONO_c,145248811,145209436,Protein coding
15,chr1,IonXpress_NONO_c,145248819,145209436,Non coding
16,chr1,IonXpress_NONO_c,145248811,145209436,Protein coding
17,chr1,IonXpress_NONO_c,144185132,144184424,Protein coding
18,chr1,IonXpress_NONO_c,144595833,144594483,Protein coding
19,chr1,IonXpress_NONO_c,144615094,144614998,Protein coding
20,chr1,IonXpress_NONO_c,144148788,144147021,Protein coding
21,chr1,IonXpress_NONO_c,230338881,230203153,Non coding
22,chr1,IonXpress_NONO_c,230313962,230193825,Protein coding
23,chr1,IonXpress_NONO_c,230313962,230203153,Protein coding
24,chr1,IonXpress_NONO_c,237433795,237205869,Protein coding
25,chr1,IonXpress_NONO_c,237433795,237205869,Protein coding
26,chr1,IonXpress_NONO_c,35642918,35642075,Non coding
27,chr1,IonXpress_NONO_c,35642918,35642072,Non coding
28,chr1,IonXpress_NONO_c,35652600,35650194,Protein coding
29,chr1,IonXpress_NONO_c,36096873,36075009,Protein coding
30,chr1,IonXpress_NONO_c,36070832,36068975,Protein coding
31,chr1,IonXpress_NONO_c,36042921,36040299,Protein coding
32,chr1,IonXpress_NONO_c,36070832,36068975,Protein coding
33,chr1,IonXpress_NONO_c,45288272,45286376,Protein coding
34,chr1,IonXpress_NONO_c,91843958,91843740,Protein coding
35,chr1,IonXpress_NONO_c,91870353,91866666,Protein coding
36,chr1,IonXpress_NONO_c,91846467,91845793,Protein coding
37,chr1,IonXpress_NONO_c,91870353,91866666,Protein coding
38,chr1,IonXpress_NONO_c,91843958,91843740,Protein coding
39,chr1,IonXpress_NONO_c,91870353,91866666,Protein coding
40,chr1,IonXpress_NONO_c,91846467,91845793,Protein coding
41,chr1,IonXpress_NONO_c,91870353,91866666,Protein coding
42,chr1,IonXpress_NONO_c,91843958,91843740,Protein coding
43,chr1,IonXpress_NONO_c,91870353,91866666,Protein coding
44,chr1,IonXpress_NONO_c,91846467,91845793,Protein coding
45,chr1,IonXpress_NONO_c,91870353,91866666,Protein coding
46,chr1,IonXpress_NONO_c,120594096,120572610,Protein coding
47,chr1,IonXpress_NONO_c,120460286,120459317,Protein coding
48,chr1,IonXpress_NONO_c,120479903,120478227,Protein coding
49,chr1,IonXpress_NONO_c,120611946,120548211,Protein coding
50,chr1,IonXpress_NONO_c,173833393,173833213,Non coding
51,chr1,IonXpress_NONO_c,173833393,173833213,Non coding
52,chr1,IonXpress_NONO_c,173833393,173833213,Non coding
53,chr1,IonXpress_NONO_c,173833393,173833213,Non coding
54,chr1,IonXpress_NONO_c,173833393,173833213,Non coding
55,chr1,IonXpress_NONO_c,173833393,173833213,Non coding
56,chr1,IonXpress_NONO_c,173833393,173833213,Non coding
57,chr1,IonXpress_NONO_c,173833393,173833213,Non coding
58,chr1,IonXpress_NONO_c,173833393,173833213,Non coding
59,chr1,IonXpress_NONO_c,173833393,173833213,Non coding
60,chr1,IonXpress_NONO_c,173833393,173833213,Non coding
61,chr1,IonXpress_NONO_c,173833393,173833213,Non coding
62,chr1,IonXpress_NONO_c,173833393,173833213,Non coding
63,chr1,IonXpress_NONO_c,173833393,173833213,Non coding
64,chr1,IonXpress_NONO_c,173833393,173833213,Non coding
65,chr1,IonXpress_NONO_c,173833393,173833213,Non coding
66,chr1,IonXpress_NONO_c,173833393,173833213,Non coding
67,chr1,IonXpress_NONO_c,173833393,173833213,Non coding
68,chr10,IonXpress_NONO_c,70482210,70481039,Non coding
69,chr10,IonXpress_NONO_c,70496631,70481039,Protein coding
70,chr10,IonXpress_NONO_c,70482210,70481039,Protein coding
71,chr10,IonXpress_NONO_c,70482210,70481039,Protein coding
72,chr10,IonXpress_NONO_c,70482210,70481039,Protein coding
73,chr10,IonXpress_NONO_c,70482210,70481039,Protein coding
74,chr10,IonXpress_NONO_c,70482210,70481045,Protein coding
75,chr10,IonXpress_NONO_c,70482210,70481045,Non coding
76,chr10,IonXpress_NONO_c,1230799,1229309,Protein coding
77,chr10,IonXpress_NONO_c,1230799,1229309,Protein coding
78,chr10,IonXpress_NONO_c,1230799,1229309,Protein coding
79,chr10,IonXpress_NONO_c,1230799,1229309,Protein coding
80,chr10,IonXpress_NONO_c,1230799,1229309,Protein coding
81,chr10,IonXpress_NONO_c,1230799,1229309,Protein coding
82,chr10,IonXpress_NONO_c,1230799,1229309,Protein coding
83,chr10,IonXpress_NONO_c,1230799,1229309,Protein coding
84,chr10,IonXpress_NONO_c,1230799,1229309,Protein coding
85,chr10,IonXpress_NONO_c,1230799,1229309,Protein coding
86,chr11,IonXpress_NONO_c,12696954,12696381,Protein coding
87,chr11,IonXpress_NONO_c,65270106,65269864,Non coding
88,chr11,IonXpress_NONO_c,65270106,65269864,Non coding
89,chr11,IonXpress_NONO_c,65270106,65269864,Non coding
90,chr11,IonXpress_NONO_c,65270106,65269864,Non coding
91,chr11,IonXpress_NONO_c,65270106,65269864,Non coding
92,chr11,IonXpress_NONO_c,65270106,65269864,Non coding
93,chr11,IonXpress_NONO_c,65270106,65269864,Non coding
94,chr11,IonXpress_NONO_c,65270106,65269864,Non coding
95,chr11,IonXpress_NONO_c,65270106,65269864,Non coding
96,chr11,IonXpress_NONO_c,65270106,65269864,Non coding
97,chr11,IonXpress_NONO_c,65270106,65269864,Non coding
98,chr11,IonXpress_NONO_c,77552063,77532287,Protein coding
99,chr11,IonXpress_NONO_c,77553523,77532226,Protein coding
100,chr11,IonXpress_NONO_c,77594876,77590173,Protein coding
101,chr11,IonXpress_NONO_c,77594876,77590173,Non coding
102,chr11,IonXpress_NONO_c,77552063,77532287,Protein coding
103,chr11,IonXpress_NONO_c,77553523,77532226,Protein coding
104,chr11,IonXpress_NONO_c,77594876,77590173,Protein coding
105,chr11,IonXpress_NONO_c,77594876,77590173,Non coding
106,chr11,IonXpress_NONO_c,77552063,77532287,Protein coding
107,chr11,IonXpress_NONO_c,77553523,77532226,Protein coding
108,chr11,IonXpress_NONO_c,77594876,77590173,Protein coding
109,chr11,IonXpress_NONO_c,77594876,77590173,Non coding
110,chr11,IonXpress_NONO_c,85337629,85309832,Protein coding
111,chr11,IonXpress_NONO_c,108544192,108536066,Protein coding
112,chr11,IonXpress_NONO_c,108544192,108536066,Protein coding
113,chr11,IonXpress_NONO_c,62609039,62607339,Protein coding
114,chr11,IonXpress_NONO_c,62620281,62620153,Non coding
115,chr11,IonXpress_NONO_c,62620281,62620153,Non coding
116,chr11,IonXpress_NONO_c,62620281,62620153,Non coding
117,chr11,IonXpress_NONO_c,62620281,62620153,Non coding
118,chr11,IonXpress_NONO_c,62620281,62620153,Non coding
119,chr11,IonXpress_NONO_c,62620281,62620153,Non coding
120,chr11,IonXpress_NONO_c,62620281,62620153,Non coding
121,chr11,IonXpress_NONO_c,62620281,62620153,Non coding
122,chr11,IonXpress_NONO_c,93463841,93463613,Non coding
123,chr11,IonXpress_NONO_c,93463841,93463613,Non coding
124,chr11,IonXpress_NONO_c,93463841,93463613,Non coding
125,chr11,IonXpress_NONO_c,93463841,93463613,Non coding
126,chr12,IonXpress_NONO_c,20709592,20523178,Protein coding
127,chr12,IonXpress_NONO_c,20709592,20523178,Protein coding
128,chr12,IonXpress_NONO_c,20709592,20523178,Protein coding
129,chr12,IonXpress_NONO_c,20709592,20523178,Protein coding
130,chr12,IonXpress_NONO_c,20709592,20523178,Protein coding
131,chr12,IonXpress_NONO_c,20709592,20523178,Protein coding
132,chr12,IonXpress_NONO_c,20709592,20523178,Protein coding
133,chr12,IonXpress_NONO_c,20709592,20523178,Protein coding
134,chr12,IonXpress_NONO_c,20709592,20523178,Protein coding
135,chr12,IonXpress_NONO_c,20709592,20523178,Protein coding
136,chr12,IonXpress_NONO_c,20709592,20523178,Protein coding
137,chr12,IonXpress_NONO_c,20709592,20523178,Protein coding
138,chr12,IonXpress_NONO_c,20709592,20523178,Protein coding
139,chr12,IonXpress_NONO_c,20709592,20523178,Protein coding
140,chr12,IonXpress_NONO_c,20709592,20523178,Protein coding
141,chr12,IonXpress_NONO_c,20709592,20523178,Protein coding
142,chr12,IonXpress_NONO_c,110720407,110719712,Protein coding
143,chr12,IonXpress_NONO_c,110720407,110719712,Protein coding
144,chr12,IonXpress_NONO_c,110734402,110729929,Protein coding
145,chr12,IonXpress_NONO_c,49523023,49522721,Protein coding
146,chr12,IonXpress_NONO_c,49523023,49522721,Protein coding
147,chr12,IonXpress_NONO_c,49523023,49522721,Protein coding
148,chr12,IonXpress_NONO_c,49523023,49522721,Protein coding
149,chr13,IonXpress_NONO_c,34395267,34392402,Protein coding
150,chr13,IonXpress_NONO_c,92101013,92051463,Protein coding
151,chr13,IonXpress_NONO_c,92101013,92051463,Protein coding
152,chr13,IonXpress_NONO_c,46952023,46946732,Protein coding
153,chr13,IonXpress_NONO_c,46961267,46952140,Protein coding
154,chr13,IonXpress_NONO_c,46961267,46952140,Protein coding
155,chr13,IonXpress_NONO_c,46942866,46942384,Protein coding
156,chr13,IonXpress_NONO_c,46961267,46946345,Protein coding
157,chr13,IonXpress_NONO_c,46961267,46946732,Protein coding
158,chr13,IonXpress_NONO_c,46961810,46946732,Protein coding
159,chr13,IonXpress_NONO_c,46961810,46952140,Protein coding
160,chr13,IonXpress_NONO_c,46950625,46946732,Protein coding
161,chr15,IonXpress_NONO_c,66792392,66791990,Protein coding
162,chr15,IonXpress_NONO_c,66795694,66795502,Protein coding
163,chr15,IonXpress_NONO_c,66794124,66793842,Protein coding
164,chr16,IonXpress_NONO_c,47497808,47495337,Protein coding
165,chr16,IonXpress_NONO_c,47497791,47495337,Protein coding
166,chr16,IonXpress_NONO_c,47531308,47495337,Protein coding
167,chr16,IonXpress_NONO_c,47497808,47495337,Protein coding
168,chr16,IonXpress_NONO_c,47497791,47495337,Protein coding
169,chr16,IonXpress_NONO_c,47531308,47495337,Protein coding
170,chr17,IonXpress_NONO_c,16342639,16342374,Non coding
171,chr17,IonXpress_NONO_c,16342639,16342374,Non coding
172,chr17,IonXpress_NONO_c,16342639,16342374,Non coding
173,chr17,IonXpress_NONO_c,16342639,16342374,Non coding
174,chr17,IonXpress_NONO_c,16342639,16342374,Non coding
175,chr17,IonXpress_NONO_c,16342639,16342374,Non coding
176,chr17,IonXpress_NONO_c,16342639,16342374,Non coding
177,chr17,IonXpress_NONO_c,16342639,16342374,Non coding
178,chr17,IonXpress_NONO_c,16342639,16342343,Non coding
179,chr17,IonXpress_NONO_c,16344680,16344444,Protein coding
180,chr17,IonXpress_NONO_c,16342972,16342728,Protein coding
181,chr17,IonXpress_NONO_c,16342639,16342374,Non coding
182,chr17,IonXpress_NONO_c,16342639,16342374,Non coding
183,chr17,IonXpress_NONO_c,16342639,16342374,Non coding
184,chr17,IonXpress_NONO_c,16342639,16342374,Non coding
185,chr17,IonXpress_NONO_c,16342639,16342374,Non coding
186,chr17,IonXpress_NONO_c,16342639,16342374,Non coding
187,chr17,IonXpress_NONO_c,16342639,16342374,Non coding
188,chr17,IonXpress_NONO_c,16342639,16342374,Non coding
189,chr17,IonXpress_NONO_c,16342639,16342343,Non coding
190,chr17,IonXpress_NONO_c,16343497,16342374,Non coding
191,chr17,IonXpress_NONO_c,16342639,16342374,Non coding
192,chr17,IonXpress_NONO_c,16342639,16342374,Non coding
193,chr17,IonXpress_NONO_c,16342639,16342374,Non coding
194,chr17,IonXpress_NONO_c,16342639,16342374,Non coding
195,chr17,IonXpress_NONO_c,16342639,16342374,Non coding
196,chr17,IonXpress_NONO_c,16342639,16342374,Non coding
197,chr17,IonXpress_NONO_c,16342639,16342374,Non coding
198,chr17,IonXpress_NONO_c,16342639,16342374,Non coding
199,chr17,IonXpress_NONO_c,16342639,16342374,Non coding
200,chr17,IonXpress_NONO_c,16342639,16342374,Non coding
201,chr17,IonXpress_NONO_c,16342639,16342343,Non coding
202,chr17,IonXpress_NONO_c,16344680,16344444,Protein coding
203,chr17,IonXpress_NONO_c,16342972,16342728,Protein coding
204,chr17,IonXpress_NONO_c,16342639,16342374,Non coding
205,chr17,IonXpress_NONO_c,16342639,16342374,Non coding
206,chr17,IonXpress_NONO_c,16342639,16342374,Non coding
207,chr17,IonXpress_NONO_c,16342639,16342374,Non coding
208,chr17,IonXpress_NONO_c,16342639,16342374,Non coding
209,chr17,IonXpress_NONO_c,16342639,16342374,Non coding
210,chr17,IonXpress_NONO_c,16342639,16342374,Non coding
211,chr17,IonXpress_NONO_c,16342639,16342374,Non coding
212,chr17,IonXpress_NONO_c,16342639,16342343,Non coding
213,chr17,IonXpress_NONO_c,16343497,16342374,Non coding
214,chr17,IonXpress_NONO_c,16342639,16342374,Non coding
215,chr17,IonXpress_NONO_c,16342639,16342374,Non coding
216,chr17,IonXpress_NONO_c,27047723,27047048,Protein coding
217,chr17,IonXpress_NONO_c,27047723,27047448,Protein coding
218,chr17,IonXpress_NONO_c,8077836,8077590,Protein coding
219,chr17,IonXpress_NONO_c,8077836,8077590,Protein coding
220,chr17,IonXpress_NONO_c,8077857,8077590,Protein coding
221,chr17,IonXpress_NONO_c,8079516,8077590,Non coding
222,chr17,IonXpress_NONO_c,33475281,33474929,Protein coding
223,chr17,IonXpress_NONO_c,33475278,33474929,Protein coding
224,chr17,IonXpress_NONO_c,33475278,33474929,Protein coding
225,chr17,IonXpress_NONO_c,33475990,33475450,Protein coding
226,chr17,IonXpress_NONO_c,75085233,75085031,Protein coding
227,chr17,IonXpress_NONO_c,75085233,75085031,Protein coding
228,chr17,IonXpress_NONO_c,75089324,75085353,Protein coding
229,chr17,IonXpress_NONO_c,75138726,75137189,Protein coding
230,chr17,IonXpress_NONO_c,75138726,75137136,Protein coding
231,chr17,IonXpress_NONO_c,75138726,75137189,Protein coding
232,chr17,IonXpress_NONO_c,75138730,75137189,Protein coding
233,chr18,IonXpress_NONO_c,77793849,77737701,Protein coding
234,chr18,IonXpress_NONO_c,77793849,77737701,Protein coding
235,chr18,IonXpress_NONO_c,47009952,47008780,Protein coding
236,chr18,IonXpress_NONO_c,47009952,47008780,Protein coding
237,chr18,IonXpress_NONO_c,47018104,47017954,Protein coding
238,chr18,IonXpress_NONO_c,47018104,47017954,Protein coding
239,chr18,IonXpress_NONO_c,47018643,47017954,Protein coding
240,chr18,IonXpress_NONO_c,47018626,47017954,Protein coding
241,chr18,IonXpress_NONO_c,47018826,47018203,Protein coding
242,chr18,IonXpress_NONO_c,47018104,47017954,Protein coding
243,chr18,IonXpress_NONO_c,47018826,47017954,Protein coding
244,chr18,IonXpress_NONO_c,47017900,47017297,Protein coding
245,chr18,IonXpress_NONO_c,47009952,47008780,Protein coding
246,chr18,IonXpress_NONO_c,47009952,47008780,Protein coding
247,chr18,IonXpress_NONO_c,47018104,47017954,Protein coding
248,chr18,IonXpress_NONO_c,47018104,47017954,Protein coding
249,chr18,IonXpress_NONO_c,47018643,47017954,Protein coding
250,chr18,IonXpress_NONO_c,47018626,47017954,Protein coding
251,chr18,IonXpress_NONO_c,47018826,47018203,Protein coding
252,chr18,IonXpress_NONO_c,47018104,47017954,Protein coding
253,chr18,IonXpress_NONO_c,47018826,47017954,Protein coding
254,chr18,IonXpress_NONO_c,47017900,47017297,Protein coding
255,chr18,IonXpress_NONO_c,47009952,47008780,Protein coding
256,chr18,IonXpress_NONO_c,47009952,47008780,Protein coding
257,chr18,IonXpress_NONO_c,47018104,47017954,Protein coding
258,chr18,IonXpress_NONO_c,47018104,47017954,Protein coding
259,chr18,IonXpress_NONO_c,47018643,47017954,Protein coding
260,chr18,IonXpress_NONO_c,47018626,47017954,Protein coding
261,chr18,IonXpress_NONO_c,47018826,47018203,Protein coding
262,chr18,IonXpress_NONO_c,47018104,47017954,Protein coding
263,chr18,IonXpress_NONO_c,47018826,47017954,Protein coding
264,chr18,IonXpress_NONO_c,47017900,47017297,Protein coding
265,chr18,IonXpress_NONO_c,47009952,47008780,Protein coding
266,chr18,IonXpress_NONO_c,47018104,47017954,Protein coding
267,chr18,IonXpress_NONO_c,47018104,47017954,Protein coding
268,chr18,IonXpress_NONO_c,47018643,47017954,Protein coding
269,chr18,IonXpress_NONO_c,47018626,47017954,Protein coding
270,chr18,IonXpress_NONO_c,47018826,47018203,Protein coding
271,chr18,IonXpress_NONO_c,47018104,47017954,Protein coding
272,chr18,IonXpress_NONO_c,47018826,47017954,Protein coding
273,chr18,IonXpress_NONO_c,47017900,47017297,Protein coding
274,chr19,IonXpress_NONO_c,34856163,34855924,Protein coding
275,chr19,IonXpress_NONO_c,34856163,34855924,Protein coding
276,chr19,IonXpress_NONO_c,34857248,34856293,Protein coding
277,chr19,IonXpress_NONO_c,34857248,34856293,Protein coding
278,chr19,IonXpress_NONO_c,49993105,49990901,Protein coding
279,chr19,IonXpress_NONO_c,49993105,49990901,Protein coding
280,chr19,IonXpress_NONO_c,49993105,49990901,Protein coding
281,chr2,IonXpress_NONO_c,122104612,122098523,Non coding
282,chr2,IonXpress_NONO_c,122406946,122363756,Protein coding
283,chr2,IonXpress_NONO_c,122406946,122363756,Protein coding
284,chr2,IonXpress_NONO_c,122406946,122363756,Protein coding
285,chr2,IonXpress_NONO_c,122406946,122363756,Protein coding
286,chr2,IonXpress_NONO_c,122104612,122098523,Non coding
287,chr2,IonXpress_NONO_c,122406946,122363756,Protein coding
288,chr2,IonXpress_NONO_c,203139834,203130709,Protein coding
289,chr2,IonXpress_NONO_c,203139834,203130709,Protein coding
290,chr2,IonXpress_NONO_c,207024681,207024408,Protein coding
291,chr2,IonXpress_NONO_c,207024635,207024408,Protein coding
292,chr2,IonXpress_NONO_c,207025310,207024783,Protein coding
293,chr2,IonXpress_NONO_c,55200697,55200334,Protein coding
294,chr2,IonXpress_NONO_c,55255298,55254621,Protein coding
295,chr2,IonXpress_NONO_c,55200697,55200334,Protein coding
296,chr2,IonXpress_NONO_c,55200697,55200334,Protein coding
297,chr2,IonXpress_NONO_c,55200697,55200334,Protein coding
298,chr2,IonXpress_NONO_c,132908483,132905801,Non coding
299,chr2,IonXpress_NONO_c,132908483,132905801,Non coding
300,chr2,IonXpress_NONO_c,132908483,132905801,Non coding
301,chr2,IonXpress_NONO_c,132908483,132905801,Non coding
302,chr2,IonXpress_NONO_c,132908483,132905801,Non coding
303,chr2,IonXpress_NONO_c,132908483,132905801,Non coding
304,chr2,IonXpress_NONO_c,132908483,132905801,Non coding
305,chr2,IonXpress_NONO_c,132908483,132905801,Non coding
306,chr2,IonXpress_NONO_c,159433781,159389828,Protein coding
307,chr2,IonXpress_NONO_c,159389690,159313730,Protein coding
308,chr2,IonXpress_NONO_c,159389690,159314819,Protein coding
309,chr2,IonXpress_NONO_c,159389690,159313730,Protein coding
310,chr2,IonXpress_NONO_c,159389690,159313730,Protein coding
311,chr2,IonXpress_NONO_c,159389690,159313730,Protein coding
312,chr2,IonXpress_NONO_c,159389690,159313730,Protein coding
313,chr2,IonXpress_NONO_c,159459580,159433895,Protein coding
314,chr2,IonXpress_NONO_c,232320110,232319978,Protein coding
315,chr20,IonXpress_NONO_c,47895639,47895253,Non coding
316,chr20,IonXpress_NONO_c,47895639,47894934,Non coding
317,chr20,IonXpress_NONO_c,47895639,47895253,Non coding
318,chr20,IonXpress_NONO_c,47895639,47895253,Non coding
319,chr20,IonXpress_NONO_c,47895639,47895275,Non coding
320,chr20,IonXpress_NONO_c,47895639,47895253,Non coding
321,chr20,IonXpress_NONO_c,47895639,47894934,Non coding
322,chr20,IonXpress_NONO_c,47895639,47895253,Non coding
323,chr20,IonXpress_NONO_c,47895639,47895253,Non coding
324,chr20,IonXpress_NONO_c,47895639,47895275,Non coding
325,chr20,IonXpress_NONO_c,47895639,47895253,Non coding
326,chr20,IonXpress_NONO_c,47895639,47894934,Non coding
327,chr20,IonXpress_NONO_c,47895639,47895253,Non coding
328,chr20,IonXpress_NONO_c,47895639,47895253,Non coding
329,chr20,IonXpress_NONO_c,47895639,47895275,Non coding
330,chr20,IonXpress_NONO_c,62559686,62526676,Protein coding
331,chr21,IonXpress_NONO_c,26942147,26934569,Non coding
332,chr21,IonXpress_NONO_c,15456269,15399918,Non coding
333,chr21,IonXpress_NONO_c,15456269,15399918,Non coding
334,chr21,IonXpress_NONO_c,15456269,15399918,Non coding
335,chr21,IonXpress_NONO_c,15456269,15399918,Non coding
336,chr22,IonXpress_NONO_c,39709194,39708989,Protein coding
337,chr22,IonXpress_NONO_c,39709194,39708989,Protein coding
338,chr22,IonXpress_NONO_c,39713464,39713026,Protein coding
339,chr3,IonXpress_NONO_c,52720783,52720121,Protein coding
340,chr3,IonXpress_NONO_c,52720783,52720218,Protein coding
341,chr3,IonXpress_NONO_c,52720783,52720071,Protein coding
342,chr3,IonXpress_NONO_c,186502219,186501428,Protein coding
343,chr3,IonXpress_NONO_c,186502216,186501428,Protein coding
344,chr3,IonXpress_NONO_c,186502219,186501428,Protein coding
345,chr3,IonXpress_NONO_c,186502216,186501428,Protein coding
346,chr3,IonXpress_NONO_c,12705310,12660246,Protein coding
347,chr3,IonXpress_NONO_c,12705310,12660246,Protein coding
348,chr3,IonXpress_NONO_c,67720238,67705526,Non coding
349,chr3,IonXpress_NONO_c,176816252,176782810,Protein coding
350,chr3,IonXpress_NONO_c,176816252,176782810,Protein coding
351,chr3,IonXpress_NONO_c,176763915,176756222,Protein coding
352,chr3,IonXpress_NONO_c,176914907,176782810,Protein coding
353,chr4,IonXpress_NONO_c,39739038,39700010,Protein coding
354,chr4,IonXpress_NONO_c,39739038,39700010,Protein coding
355,chr4,IonXpress_NONO_c,39757275,39700010,Protein coding
356,chr4,IonXpress_NONO_c,39747370,39700010,Non coding
357,chr4,IonXpress_NONO_c,39739038,39700010,Protein coding
358,chr4,IonXpress_NONO_c,39739038,39699922,Protein coding
359,chr4,IonXpress_NONO_c,76788464,76787671,Protein coding
360,chr4,IonXpress_NONO_c,76823381,76817536,Protein coding
361,chr4,IonXpress_NONO_c,76785591,76782073,Non coding
362,chr4,IonXpress_NONO_c,134075460,134073926,Protein coding
363,chr5,IonXpress_NONO_c,1802433,1801663,Protein coding
364,chr5,IonXpress_NONO_c,6737621,6714812,Protein coding
365,chr5,IonXpress_NONO_c,6737621,6714812,Protein coding
366,chr5,IonXpress_NONO_c,138611808,138609850,Non coding
367,chr5,IonXpress_NONO_c,138611808,138609850,Non coding
368,chr5,IonXpress_NONO_c,138611808,138609850,Protein coding
369,chr5,IonXpress_NONO_c,138611808,138609850,Protein coding
370,chr5,IonXpress_NONO_c,138611808,138609850,Protein coding
371,chr5,IonXpress_NONO_c,138611808,138609850,Protein coding
372,chr5,IonXpress_NONO_c,76989089,76987323,Protein coding
373,chr5,IonXpress_NONO_c,77004065,76989177,Protein coding
374,chr5,IonXpress_NONO_c,133340336,133328706,Protein coding
375,chr5,IonXpress_NONO_c,133340336,133328709,Protein coding
376,chr5,IonXpress_NONO_c,133340584,133328709,Protein coding
377,chr5,IonXpress_NONO_c,133410454,133328709,Protein coding
378,chr5,IonXpress_NONO_c,137892139,137891803,Protein coding
379,chr5,IonXpress_NONO_c,137909755,137909539,Protein coding
380,chr6,IonXpress_NONO_c,133135869,133135752,Protein coding
381,chr6,IonXpress_NONO_c,133562635,133561975,Protein coding
382,chr6,IonXpress_NONO_c,133595852,133562887,Protein coding
383,chr6,IonXpress_NONO_c,133595852,133562887,Protein coding
384,chr6,IonXpress_NONO_c,133595852,133562887,Protein coding
385,chr6,IonXpress_NONO_c,133595852,133562887,Protein coding
386,chr6,IonXpress_NONO_c,133595852,133562887,Protein coding
387,chr6,IonXpress_NONO_c,133562635,133561975,Protein coding
388,chr6,IonXpress_NONO_c,133595852,133562887,Protein coding
389,chr6,IonXpress_NONO_c,133595852,133562887,Protein coding
390,chr6,IonXpress_NONO_c,133595852,133562887,Protein coding
391,chr6,IonXpress_NONO_c,133595852,133562887,Protein coding
392,chr6,IonXpress_NONO_c,133595852,133562887,Protein coding
393,chr6,IonXpress_NONO_c,133562635,133561975,Protein coding
394,chr6,IonXpress_NONO_c,133595852,133562887,Protein coding
395,chr6,IonXpress_NONO_c,133595852,133562887,Protein coding
396,chr6,IonXpress_NONO_c,133595852,133562887,Protein coding
397,chr6,IonXpress_NONO_c,133595852,133562887,Protein coding
398,chr6,IonXpress_NONO_c,133595852,133562887,Protein coding
399,chr6,IonXpress_NONO_c,86387140,86386909,Non coding
400,chr6,IonXpress_NONO_c,86387140,86386909,Non coding
401,chr6,IonXpress_NONO_c,166399594,166195411,Non coding
402,chr6,IonXpress_NONO_c,166401015,166338147,Protein coding
403,chr6,IonXpress_NONO_c,166401015,166354254,Protein coding
404,chr6,IonXpress_NONO_c,166401015,166363402,Protein coding
405,chr6,IonXpress_NONO_c,166399594,166195411,Non coding
406,chr6,IonXpress_NONO_c,166401015,166338147,Protein coding
407,chr6,IonXpress_NONO_c,166401015,166354254,Protein coding
408,chr6,IonXpress_NONO_c,166401015,166363402,Protein coding
409,chr6,IonXpress_NONO_c,166399594,166195411,Non coding
410,chr6,IonXpress_NONO_c,166401015,166338147,Protein coding
411,chr6,IonXpress_NONO_c,166401015,166354254,Protein coding
412,chr6,IonXpress_NONO_c,166401015,166363402,Protein coding
413,chr6,IonXpress_NONO_c,166399594,166195411,Non coding
414,chr6,IonXpress_NONO_c,166401015,166338147,Protein coding
415,chr6,IonXpress_NONO_c,166401015,166354254,Protein coding
416,chr6,IonXpress_NONO_c,166401015,166363402,Protein coding
417,chr6,IonXpress_NONO_c,166399594,166195411,Non coding
418,chr6,IonXpress_NONO_c,166401015,166338147,Protein coding
419,chr6,IonXpress_NONO_c,166401015,166354254,Protein coding
420,chr6,IonXpress_NONO_c,166401015,166363402,Protein coding
421,chr7,IonXpress_NONO_c,93515816,93221083,Non coding
422,chr7,IonXpress_NONO_c,111201905,111161505,Protein coding
423,chr7,IonXpress_NONO_c,111201905,111161505,Protein coding
424,chr7,IonXpress_NONO_c,111201905,111161505,Protein coding
425,chr8,IonXpress_NONO_c,70588842,70585561,Protein coding
426,chr8,IonXpress_NONO_c,70588842,70585561,Non coding
427,chr8,IonXpress_NONO_c,70591611,70585561,Protein coding
428,chr8,IonXpress_NONO_c,70747087,70745404,Protein coding
429,chr8,IonXpress_NONO_c,70588842,70585561,Protein coding
430,chr8,IonXpress_NONO_c,70588842,70585561,Non coding
431,chr8,IonXpress_NONO_c,70591611,70585561,Protein coding
432,chr8,IonXpress_NONO_c,70747087,70745404,Protein coding
433,chr8,IonXpress_NONO_c,128231053,128221962,Non coding
434,chr8,IonXpress_NONO_c,128231053,128221962,Non coding
435,chr8,IonXpress_NONO_c,128231053,128221962,Non coding
436,chr8,IonXpress_NONO_c,128231053,128221962,Non coding
437,chr8,IonXpress_NONO_c,128231053,128221962,Non coding
438,chr8,IonXpress_NONO_c,128231053,128221962,Non coding
439,chr8,IonXpress_NONO_c,128231053,128221962,Non coding
440,chr8,IonXpress_NONO_c,141542513,141542251,Protein coding
441,chr8,IonXpress_NONO_c,141542513,141542251,Protein coding
442,chr8,IonXpress_NONO_c,141645582,141583031,Protein coding
443,chr9,IonXpress_NONO_c,37126307,37120620,Protein coding
444,chr9,IonXpress_NONO_c,37302183,37120620,Protein coding
445,chr9,IonXpress_NONO_c,37126307,37120624,Protein coding
446,chr9,IonXpress_NONO_c,37121595,37120773,Protein coding
447,chr9,IonXpress_NONO_c,37126307,37120773,Protein coding
448,chr9,IonXpress_NONO_c,37126307,37120891,Protein coding
449,chr9,IonXpress_NONO_c,136215775,136215101,Protein coding
450,chr9,IonXpress_NONO_c,21476896,21455943,Non coding
451,chrM,IonXpress_NONO_c,15502,7982,Non coding
452,chrM,IonXpress_NONO_c,13448,8472,Non coding
453,chrM,IonXpress_NONO_c,15502,7982,Non coding
454,chrM,IonXpress_NONO_c,13448,8472,Non coding
455,chrM,IonXpress_NONO_c,13977,11231,Non coding
456,chrX,IonXpress_NONO_c,24717540,24712103,Protein coding
457,chrX,IonXpress_NONO_c,73251429,73249386,Non coding
458,chrX,IonXpress_NONO_c,73461766,73423744,Non coding
459,chr1,IonXpress_SFPQt1,17256779,17066892,Protein coding
460,chr1,IonXpress_SFPQt1,17256779,17066892,Protein coding
461,chr1,IonXpress_SFPQt1,17256779,17066892,Protein coding
462,chr1,IonXpress_SFPQt1,45241704,45241272,Protein coding
463,chr1,IonXpress_SFPQt1,45241704,45241272,Protein coding
464,chr1,IonXpress_SFPQt1,76253180,76251959,Non coding
465,chr1,IonXpress_SFPQt1,76253180,76251959,Protein coding
466,chr1,IonXpress_SFPQt1,76253180,76251959,Non coding
467,chr1,IonXpress_SFPQt1,76253180,76251959,Protein coding
468,chr1,IonXpress_SFPQt1,145248819,145209436,Protein coding
469,chr1,IonXpress_SFPQt1,145248811,145209436,Protein coding
470,chr1,IonXpress_SFPQt1,145227039,145224702,Protein coding
471,chr1,IonXpress_SFPQt1,145248811,145209436,Protein coding
472,chr1,IonXpress_SFPQt1,145248819,145209436,Non coding
473,chr1,IonXpress_SFPQt1,145248811,145209436,Protein coding
474,chr1,IonXpress_SFPQt1,144185132,144184424,Protein coding
475,chr1,IonXpress_SFPQt1,144595833,144594483,Protein coding
476,chr1,IonXpress_SFPQt1,144615094,144614998,Protein coding
477,chr1,IonXpress_SFPQt1,144148788,144147021,Protein coding
478,chr1,IonXpress_SFPQt1,237433795,237205869,Protein coding
479,chr1,IonXpress_SFPQt1,237433795,237205869,Protein coding
480,chr1,IonXpress_SFPQt1,16860919,16860704,Non coding
481,chr1,IonXpress_SFPQt1,28906043,28905192,Non coding
482,chr1,IonXpress_SFPQt1,28906043,28905192,Non coding
483,chr1,IonXpress_SFPQt1,28906043,28905192,Non coding
484,chr1,IonXpress_SFPQt1,28906043,28905192,Non coding
485,chr1,IonXpress_SFPQt1,28906043,28905192,Non coding
486,chr1,IonXpress_SFPQt1,28906043,28905192,Non coding
487,chr1,IonXpress_SFPQt1,28906043,28905192,Non coding
488,chr1,IonXpress_SFPQt1,28906043,28905192,Non coding
489,chr1,IonXpress_SFPQt1,28906043,28905192,Non coding
490,chr1,IonXpress_SFPQt1,28906043,28905192,Non coding
491,chr1,IonXpress_SFPQt1,45288272,45286376,Protein coding
492,chr1,IonXpress_SFPQt1,91843958,91843740,Protein coding
493,chr1,IonXpress_SFPQt1,91870353,91866666,Protein coding
494,chr1,IonXpress_SFPQt1,91846467,91845793,Protein coding
495,chr1,IonXpress_SFPQt1,91870353,91866666,Protein coding
496,chr1,IonXpress_SFPQt1,91843958,91843740,Protein coding
497,chr1,IonXpress_SFPQt1,91870353,91866666,Protein coding
498,chr1,IonXpress_SFPQt1,91846467,91845793,Protein coding
499,chr1,IonXpress_SFPQt1,91870353,91866666,Protein coding
500,chr1,IonXpress_SFPQt1,91843958,91843740,Protein coding
501,chr1,IonXpress_SFPQt1,91870353,91866666,Protein coding
502,chr1,IonXpress_SFPQt1,91846467,91845793,Protein coding
503,chr1,IonXpress_SFPQt1,91870353,91866666,Protein coding
504,chr1,IonXpress_SFPQt1,91843958,91843740,Protein coding
505,chr1,IonXpress_SFPQt1,91870353,91866666,Protein coding
506,chr1,IonXpress_SFPQt1,91846467,91845793,Protein coding
507,chr1,IonXpress_SFPQt1,91870353,91866666,Protein coding
508,chr1,IonXpress_SFPQt1,91843958,91843740,Protein coding
509,chr1,IonXpress_SFPQt1,91870353,91866666,Protein coding
510,chr1,IonXpress_SFPQt1,91846467,91845793,Protein coding
511,chr1,IonXpress_SFPQt1,91870353,91866666,Protein coding
512,chr1,IonXpress_SFPQt1,120594096,120572610,Protein coding
513,chr1,IonXpress_SFPQt1,120460286,120459317,Protein coding
514,chr1,IonXpress_SFPQt1,120479903,120478227,Protein coding
515,chr1,IonXpress_SFPQt1,120611946,120548211,Protein coding
516,chr1,IonXpress_SFPQt1,144148788,144147021,Protein coding
517,chr1,IonXpress_SFPQt1,145295421,145293580,Protein coding
518,chr1,IonXpress_SFPQt1,148560845,148558286,Protein coding
519,chr1,IonXpress_SFPQt1,148566848,148561115,Protein coding
520,chr1,IonXpress_SFPQt1,173833393,173833213,Non coding
521,chr1,IonXpress_SFPQt1,173833393,173833213,Non coding
522,chr1,IonXpress_SFPQt1,173833393,173833213,Non coding
523,chr1,IonXpress_SFPQt1,173833393,173833213,Non coding
524,chr1,IonXpress_SFPQt1,173833393,173833213,Non coding
525,chr1,IonXpress_SFPQt1,173833393,173833213,Non coding
526,chr1,IonXpress_SFPQt1,173833393,173833213,Non coding
527,chr1,IonXpress_SFPQt1,173833393,173833213,Non coding
528,chr1,IonXpress_SFPQt1,173833393,173833213,Non coding
529,chr1,IonXpress_SFPQt1,173833393,173833213,Non coding
530,chr1,IonXpress_SFPQt1,173833393,173833213,Non coding
531,chr1,IonXpress_SFPQt1,173833393,173833213,Non coding
532,chr1,IonXpress_SFPQt1,173833393,173833213,Non coding
533,chr1,IonXpress_SFPQt1,173833393,173833213,Non coding
534,chr1,IonXpress_SFPQt1,173833393,173833213,Non coding
535,chr1,IonXpress_SFPQt1,173833393,173833213,Non coding
536,chr1,IonXpress_SFPQt1,173833393,173833213,Non coding
537,chr1,IonXpress_SFPQt1,173833393,173833213,Non coding
538,chr1,IonXpress_SFPQt1,173833393,173833213,Non coding
539,chr1,IonXpress_SFPQt1,173833393,173833213,Non coding
540,chr1,IonXpress_SFPQt1,173833393,173833213,Non coding
541,chr1,IonXpress_SFPQt1,173833393,173833213,Non coding
542,chr1,IonXpress_SFPQt1,235277081,235275423,Protein coding
543,chr10,IonXpress_SFPQt1,70482210,70481039,Non coding
544,chr10,IonXpress_SFPQt1,70496631,70481039,Protein coding
545,chr10,IonXpress_SFPQt1,70482210,70481039,Protein coding
546,chr10,IonXpress_SFPQt1,70482210,70481039,Protein coding
547,chr10,IonXpress_SFPQt1,70482210,70481039,Protein coding
548,chr10,IonXpress_SFPQt1,70482210,70481039,Protein coding
549,chr10,IonXpress_SFPQt1,70482210,70481045,Protein coding
550,chr10,IonXpress_SFPQt1,70482210,70481045,Non coding
551,chr11,IonXpress_SFPQt1,65270106,65269864,Non coding
552,chr11,IonXpress_SFPQt1,75116625,75115912,Protein coding
553,chr11,IonXpress_SFPQt1,75116656,75115912,Protein coding
554,chr11,IonXpress_SFPQt1,75112682,75110621,Protein coding
555,chr11,IonXpress_SFPQt1,75132769,75115912,Protein coding
556,chr11,IonXpress_SFPQt1,77552063,77532287,Protein coding
557,chr11,IonXpress_SFPQt1,77553523,77532226,Protein coding
558,chr11,IonXpress_SFPQt1,77594876,77590173,Protein coding
559,chr11,IonXpress_SFPQt1,77594876,77590173,Non coding
560,chr11,IonXpress_SFPQt1,85337629,85309832,Protein coding
561,chr11,IonXpress_SFPQt1,46839859,46837955,Protein coding
562,chr11,IonXpress_SFPQt1,46867769,46842819,Protein coding
563,chr11,IonXpress_SFPQt1,46867769,46842819,Protein coding
564,chr11,IonXpress_SFPQt1,62609039,62607339,Protein coding
565,chr11,IonXpress_SFPQt1,62609039,62607339,Protein coding
566,chr11,IonXpress_SFPQt1,62609039,62607339,Protein coding
567,chr11,IonXpress_SFPQt1,62609039,62607339,Protein coding
568,chr11,IonXpress_SFPQt1,62620281,62620153,Non coding
569,chr11,IonXpress_SFPQt1,62620281,62620153,Non coding
570,chr11,IonXpress_SFPQt1,62620281,62620153,Non coding
571,chr11,IonXpress_SFPQt1,62620281,62620153,Non coding
572,chr11,IonXpress_SFPQt1,62620281,62620153,Non coding
573,chr11,IonXpress_SFPQt1,62620281,62620153,Non coding
574,chr11,IonXpress_SFPQt1,62620281,62620153,Non coding
575,chr11,IonXpress_SFPQt1,62620281,62620153,Non coding
576,chr11,IonXpress_SFPQt1,62620281,62620153,Non coding
577,chr11,IonXpress_SFPQt1,62620281,62620153,Non coding
578,chr11,IonXpress_SFPQt1,62620281,62620153,Non coding
579,chr11,IonXpress_SFPQt1,62620281,62620153,Non coding
580,chr11,IonXpress_SFPQt1,62620281,62620153,Non coding
581,chr11,IonXpress_SFPQt1,62620281,62620153,Non coding
582,chr11,IonXpress_SFPQt1,62620281,62620153,Non coding
583,chr11,IonXpress_SFPQt1,62620281,62620153,Non coding
584,chr11,IonXpress_SFPQt1,62620281,62620153,Non coding
585,chr11,IonXpress_SFPQt1,62620281,62620153,Non coding
586,chr11,IonXpress_SFPQt1,62620281,62620153,Non coding
587,chr11,IonXpress_SFPQt1,62620281,62620153,Non coding
588,chr11,IonXpress_SFPQt1,62620281,62620153,Non coding
589,chr11,IonXpress_SFPQt1,62620281,62620153,Non coding
590,chr11,IonXpress_SFPQt1,62620281,62620153,Non coding
591,chr11,IonXpress_SFPQt1,62620281,62620153,Non coding
592,chr11,IonXpress_SFPQt1,93463841,93463613,Non coding
593,chr11,IonXpress_SFPQt1,93463841,93463613,Non coding
594,chr11,IonXpress_SFPQt1,93463841,93463613,Non coding
595,chr11,IonXpress_SFPQt1,93463841,93463613,Non coding
596,chr11,IonXpress_SFPQt1,93463841,93463613,Non coding
597,chr11,IonXpress_SFPQt1,93463841,93463613,Non coding
598,chr11,IonXpress_SFPQt1,122930822,122930736,Protein coding
599,chr11,IonXpress_SFPQt1,122932770,122932037,Protein coding
600,chr11,IonXpress_SFPQt1,122932770,122932037,Protein coding
601,chr11,IonXpress_SFPQt1,122932770,122932037,Protein coding
602,chr11,IonXpress_SFPQt1,122932770,122932037,Protein coding
603,chr11,IonXpress_SFPQt1,129734859,129734745,Protein coding
604,chr11,IonXpress_SFPQt1,129764252,129762765,Protein coding
605,chr11,IonXpress_SFPQt1,129764252,129763280,Protein coding
606,chr11,IonXpress_SFPQt1,129764252,129762765,Protein coding
607,chr12,IonXpress_SFPQt1,20709592,20523178,Protein coding
608,chr12,IonXpress_SFPQt1,20709592,20523178,Protein coding
609,chr12,IonXpress_SFPQt1,20709592,20523178,Protein coding
610,chr12,IonXpress_SFPQt1,50821543,50794811,Protein coding
611,chr12,IonXpress_SFPQt1,50806186,50794811,Protein coding
612,chr12,IonXpress_SFPQt1,50821543,50794811,Protein coding
613,chr12,IonXpress_SFPQt1,50821543,50794811,Protein coding
614,chr12,IonXpress_SFPQt1,50821543,50794811,Protein coding
615,chr12,IonXpress_SFPQt1,50821543,50794811,Protein coding
616,chr12,IonXpress_SFPQt1,50821546,50794811,Protein coding
617,chr12,IonXpress_SFPQt1,50822698,50821692,Protein coding
618,chr12,IonXpress_SFPQt1,50834220,50831621,Protein coding
619,chr12,IonXpress_SFPQt1,85431929,85430185,Protein coding
620,chr13,IonXpress_SFPQt1,27827900,27825722,Protein coding
621,chr13,IonXpress_SFPQt1,27827900,27825722,Protein coding
622,chr13,IonXpress_SFPQt1,46952023,46946732,Protein coding
623,chr13,IonXpress_SFPQt1,46961267,46952140,Protein coding
624,chr13,IonXpress_SFPQt1,46961267,46952140,Protein coding
625,chr13,IonXpress_SFPQt1,46942866,46942384,Protein coding
626,chr13,IonXpress_SFPQt1,46961267,46946345,Protein coding
627,chr13,IonXpress_SFPQt1,46961267,46946732,Protein coding
628,chr13,IonXpress_SFPQt1,46961810,46946732,Protein coding
629,chr13,IonXpress_SFPQt1,46961810,46952140,Protein coding
630,chr13,IonXpress_SFPQt1,46950625,46946732,Protein coding
631,chr14,IonXpress_SFPQt1,50251353,50033049,Protein coding
632,chr14,IonXpress_SFPQt1,64971493,64970809,Protein coding
633,chr14,IonXpress_SFPQt1,64988203,64971664,Protein coding
634,chr14,IonXpress_SFPQt1,64988203,64971664,Protein coding
635,chr14,IonXpress_SFPQt1,64971493,64970809,Protein coding
636,chr14,IonXpress_SFPQt1,64988203,64971664,Protein coding
637,chr14,IonXpress_SFPQt1,64988203,64971664,Protein coding
638,chr15,IonXpress_SFPQt1,66792392,66791990,Protein coding
639,chr15,IonXpress_SFPQt1,66795694,66795502,Protein coding
640,chr15,IonXpress_SFPQt1,66794124,66793842,Protein coding
641,chr15,IonXpress_SFPQt1,66792392,66791990,Protein coding
642,chr15,IonXpress_SFPQt1,66795694,66795502,Protein coding
643,chr15,IonXpress_SFPQt1,66794124,66793842,Protein coding
644,chr15,IonXpress_SFPQt1,66792392,66791990,Protein coding
645,chr15,IonXpress_SFPQt1,66795694,66795502,Protein coding
646,chr15,IonXpress_SFPQt1,66794124,66793842,Protein coding
647,chr15,IonXpress_SFPQt1,66792392,66791990,Protein coding
648,chr15,IonXpress_SFPQt1,66795694,66795502,Protein coding
649,chr15,IonXpress_SFPQt1,66794124,66793842,Protein coding
650,chr16,IonXpress_SFPQt1,70560488,70557831,Protein coding
651,chr16,IonXpress_SFPQt1,71963953,71963581,Protein coding
652,chr16,IonXpress_SFPQt1,71963953,71963581,Protein coding
653,chr16,IonXpress_SFPQt1,89627346,89627120,Protein coding
654,chr16,IonXpress_SFPQt1,89627346,89627120,Protein coding
655,chr16,IonXpress_SFPQt1,89627346,89627120,Protein coding
656,chr16,IonXpress_SFPQt1,89627633,89627471,Protein coding
657,chr16,IonXpress_SFPQt1,89629290,89628799,Protein coding
658,chr16,IonXpress_SFPQt1,31087565,31085952,Protein coding
659,chr17,IonXpress_SFPQt1,2246837,2241039,Protein coding
660,chr17,IonXpress_SFPQt1,2246837,2241039,Protein coding
661,chr17,IonXpress_SFPQt1,2246837,2241039,Protein coding
662,chr17,IonXpress_SFPQt1,2280251,2280109,Protein coding
663,chr17,IonXpress_SFPQt1,16342972,16342728,Protein coding
664,chr17,IonXpress_SFPQt1,16342639,16342374,Non coding
665,chr17,IonXpress_SFPQt1,16342639,16342374,Non coding
666,chr17,IonXpress_SFPQt1,16342639,16342374,Non coding
667,chr17,IonXpress_SFPQt1,16342639,16342374,Non coding
668,chr17,IonXpress_SFPQt1,16342639,16342374,Non coding
669,chr17,IonXpress_SFPQt1,16342639,16342374,Non coding
670,chr17,IonXpress_SFPQt1,16342639,16342374,Non coding
671,chr17,IonXpress_SFPQt1,16342639,16342374,Non coding
672,chr17,IonXpress_SFPQt1,16342639,16342374,Non coding
673,chr17,IonXpress_SFPQt1,16342639,16342374,Non coding
674,chr17,IonXpress_SFPQt1,16342639,16342343,Non coding
675,chr17,IonXpress_SFPQt1,16344680,16344444,Protein coding
676,chr17,IonXpress_SFPQt1,16342972,16342728,Protein coding
677,chr17,IonXpress_SFPQt1,16342639,16342374,Non coding
678,chr17,IonXpress_SFPQt1,16342639,16342374,Non coding
679,chr17,IonXpress_SFPQt1,16342639,16342374,Non coding
680,chr17,IonXpress_SFPQt1,16342639,16342374,Non coding
681,chr17,IonXpress_SFPQt1,16342639,16342374,Non coding
682,chr17,IonXpress_SFPQt1,16342639,16342374,Non coding
683,chr17,IonXpress_SFPQt1,16342639,16342374,Non coding
684,chr17,IonXpress_SFPQt1,16342639,16342374,Non coding
685,chr17,IonXpress_SFPQt1,16342639,16342343,Non coding
686,chr17,IonXpress_SFPQt1,16343497,16342374,Non coding
687,chr17,IonXpress_SFPQt1,16342639,16342374,Non coding
688,chr17,IonXpress_SFPQt1,16342639,16342374,Non coding
689,chr17,IonXpress_SFPQt1,16342639,16342374,Non coding
690,chr17,IonXpress_SFPQt1,16342639,16342374,Non coding
691,chr17,IonXpress_SFPQt1,16342639,16342374,Non coding
692,chr17,IonXpress_SFPQt1,16342639,16342374,Non coding
693,chr17,IonXpress_SFPQt1,16342639,16342374,Non coding
694,chr17,IonXpress_SFPQt1,16342639,16342374,Non coding
695,chr17,IonXpress_SFPQt1,16342639,16342374,Non coding
696,chr17,IonXpress_SFPQt1,16342639,16342374,Non coding
697,chr17,IonXpress_SFPQt1,16342639,16342343,Non coding
698,chr17,IonXpress_SFPQt1,16344680,16344444,Protein coding
699,chr17,IonXpress_SFPQt1,16342972,16342728,Protein coding
700,chr17,IonXpress_SFPQt1,16342639,16342374,Non coding
701,chr17,IonXpress_SFPQt1,16342639,16342374,Non coding
702,chr17,IonXpress_SFPQt1,16342639,16342374,Non coding
703,chr17,IonXpress_SFPQt1,16342639,16342374,Non coding
704,chr17,IonXpress_SFPQt1,16342639,16342374,Non coding
705,chr17,IonXpress_SFPQt1,16342639,16342374,Non coding
706,chr17,IonXpress_SFPQt1,16342639,16342374,Non coding
707,chr17,IonXpress_SFPQt1,16342639,16342374,Non coding
708,chr17,IonXpress_SFPQt1,16342639,16342343,Non coding
709,chr17,IonXpress_SFPQt1,16343497,16342374,Non coding
710,chr17,IonXpress_SFPQt1,16342639,16342374,Non coding
711,chr17,IonXpress_SFPQt1,16342639,16342374,Non coding
712,chr17,IonXpress_SFPQt1,16596291,16594058,Protein coding
713,chr17,IonXpress_SFPQt1,16614991,16610856,Protein coding
714,chr17,IonXpress_SFPQt1,16623510,16615129,Non coding
715,chr17,IonXpress_SFPQt1,27047723,27047048,Protein coding
716,chr17,IonXpress_SFPQt1,27047723,27047448,Protein coding
717,chr17,IonXpress_SFPQt1,27047723,27047048,Protein coding
718,chr17,IonXpress_SFPQt1,27047723,27047448,Protein coding
719,chr17,IonXpress_SFPQt1,74555025,74553939,Non coding
720,chr17,IonXpress_SFPQt1,74555025,74553939,Non coding
721,chr17,IonXpress_SFPQt1,74557368,74553939,Non coding
722,chr17,IonXpress_SFPQt1,74557368,74553939,Non coding
723,chr17,IonXpress_SFPQt1,74557368,74555125,Non coding
724,chr17,IonXpress_SFPQt1,2227796,2227668,Protein coding
725,chr17,IonXpress_SFPQt1,33475281,33474929,Protein coding
726,chr17,IonXpress_SFPQt1,33475278,33474929,Protein coding
727,chr17,IonXpress_SFPQt1,33475278,33474929,Protein coding
728,chr17,IonXpress_SFPQt1,33475990,33475450,Protein coding
729,chr17,IonXpress_SFPQt1,75085233,75085031,Protein coding
730,chr17,IonXpress_SFPQt1,75085233,75085031,Protein coding
731,chr17,IonXpress_SFPQt1,75089324,75085353,Protein coding
732,chr17,IonXpress_SFPQt1,75138726,75137189,Protein coding
733,chr17,IonXpress_SFPQt1,75138726,75137136,Protein coding
734,chr17,IonXpress_SFPQt1,75138726,75137189,Protein coding
735,chr17,IonXpress_SFPQt1,75138730,75137189,Protein coding
736,chr17,IonXpress_SFPQt1,80521228,80478183,Protein coding
737,chr17,IonXpress_SFPQt1,80521228,80478183,Protein coding
738,chr17,IonXpress_SFPQt1,80521228,80478183,Protein coding
739,chr17,IonXpress_SFPQt1,80553656,80551830,Non coding
740,chr17,IonXpress_SFPQt1,80559177,80554067,Non coding
741,chr17,IonXpress_SFPQt1,80521228,80478183,Protein coding
742,chr17,IonXpress_SFPQt1,80521228,80478183,Protein coding
743,chr17,IonXpress_SFPQt1,80521228,80478183,Protein coding
744,chr17,IonXpress_SFPQt1,80553656,80551830,Non coding
745,chr17,IonXpress_SFPQt1,80559177,80554067,Non coding
746,chr18,IonXpress_SFPQt1,77793849,77737701,Protein coding
747,chr18,IonXpress_SFPQt1,47009952,47008780,Protein coding
748,chr18,IonXpress_SFPQt1,47009952,47008780,Protein coding
749,chr18,IonXpress_SFPQt1,47018104,47017954,Protein coding
750,chr18,IonXpress_SFPQt1,47018104,47017954,Protein coding
751,chr18,IonXpress_SFPQt1,47018643,47017954,Protein coding
752,chr18,IonXpress_SFPQt1,47018626,47017954,Protein coding
753,chr18,IonXpress_SFPQt1,47018826,47018203,Protein coding
754,chr18,IonXpress_SFPQt1,47018104,47017954,Protein coding
755,chr18,IonXpress_SFPQt1,47018826,47017954,Protein coding
756,chr18,IonXpress_SFPQt1,47017900,47017297,Protein coding
757,chr18,IonXpress_SFPQt1,47009952,47008780,Protein coding
758,chr18,IonXpress_SFPQt1,47009952,47008780,Protein coding
759,chr18,IonXpress_SFPQt1,47018104,47017954,Protein coding
760,chr18,IonXpress_SFPQt1,47018104,47017954,Protein coding
761,chr18,IonXpress_SFPQt1,47018643,47017954,Protein coding
762,chr18,IonXpress_SFPQt1,47018626,47017954,Protein coding
763,chr18,IonXpress_SFPQt1,47018826,47018203,Protein coding
764,chr18,IonXpress_SFPQt1,47018104,47017954,Protein coding
765,chr18,IonXpress_SFPQt1,47018826,47017954,Protein coding
766,chr18,IonXpress_SFPQt1,47017900,47017297,Protein coding
767,chr18,IonXpress_SFPQt1,47009952,47008780,Protein coding
768,chr18,IonXpress_SFPQt1,47009952,47008780,Protein coding
769,chr18,IonXpress_SFPQt1,47018104,47017954,Protein coding
770,chr18,IonXpress_SFPQt1,47018104,47017954,Protein coding
771,chr18,IonXpress_SFPQt1,47018643,47017954,Protein coding
772,chr18,IonXpress_SFPQt1,47018626,47017954,Protein coding
773,chr18,IonXpress_SFPQt1,47018826,47018203,Protein coding
774,chr18,IonXpress_SFPQt1,47018104,47017954,Protein coding
775,chr18,IonXpress_SFPQt1,47018826,47017954,Protein coding
776,chr18,IonXpress_SFPQt1,47017900,47017297,Protein coding
777,chr18,IonXpress_SFPQt1,47009952,47008780,Protein coding
778,chr18,IonXpress_SFPQt1,47018104,47017954,Protein coding
779,chr18,IonXpress_SFPQt1,47018104,47017954,Protein coding
780,chr18,IonXpress_SFPQt1,47018643,47017954,Protein coding
781,chr18,IonXpress_SFPQt1,47018626,47017954,Protein coding
782,chr18,IonXpress_SFPQt1,47018826,47018203,Protein coding
783,chr18,IonXpress_SFPQt1,47018104,47017954,Protein coding
784,chr18,IonXpress_SFPQt1,47018826,47017954,Protein coding
785,chr18,IonXpress_SFPQt1,47017900,47017297,Protein coding
786,chr19,IonXpress_SFPQt1,10217175,10217088,Protein coding
787,chr19,IonXpress_SFPQt1,10217175,10217088,Protein coding
788,chr19,IonXpress_SFPQt1,10217175,10217088,Protein coding
789,chr19,IonXpress_SFPQt1,49993105,49990901,Protein coding
790,chr19,IonXpress_SFPQt1,49993105,49990901,Protein coding
791,chr19,IonXpress_SFPQt1,49993105,49990901,Protein coding
792,chr19,IonXpress_SFPQt1,49993105,49990901,Protein coding
793,chr19,IonXpress_SFPQt1,49993105,49990901,Protein coding
794,chr19,IonXpress_SFPQt1,49993105,49990901,Protein coding
795,chr19,IonXpress_SFPQt1,49993105,49990901,Protein coding
796,chr19,IonXpress_SFPQt1,49993105,49990901,Protein coding
797,chr19,IonXpress_SFPQt1,49993105,49990901,Protein coding
798,chr19,IonXpress_SFPQt1,50000449,49999728,Protein coding
799,chr19,IonXpress_SFPQt1,51302549,51302215,Non coding
800,chr19,IonXpress_SFPQt1,51302549,51302215,Protein coding
801,chr19,IonXpress_SFPQt1,51302549,51302215,Protein coding
802,chr2,IonXpress_SFPQt1,86335471,86333474,Protein coding
803,chr2,IonXpress_SFPQt1,86352916,86352205,Protein coding
804,chr2,IonXpress_SFPQt1,122104612,122098523,Non coding
805,chr2,IonXpress_SFPQt1,122406946,122363756,Protein coding
806,chr2,IonXpress_SFPQt1,122406946,122363756,Protein coding
807,chr2,IonXpress_SFPQt1,122406946,122363756,Protein coding
808,chr2,IonXpress_SFPQt1,122406946,122363756,Protein coding
809,chr2,IonXpress_SFPQt1,122104612,122098523,Non coding
810,chr2,IonXpress_SFPQt1,122406946,122363756,Protein coding
811,chr2,IonXpress_SFPQt1,135809998,135809895,Protein coding
812,chr2,IonXpress_SFPQt1,135809998,135809895,Protein coding
813,chr2,IonXpress_SFPQt1,135809998,135809895,Protein coding
814,chr2,IonXpress_SFPQt1,135848566,135847442,Non coding
815,chr2,IonXpress_SFPQt1,203139834,203130709,Protein coding
816,chr2,IonXpress_SFPQt1,203139834,203130709,Protein coding
817,chr2,IonXpress_SFPQt1,203139834,203130709,Protein coding
818,chr2,IonXpress_SFPQt1,228582657,228567036,Protein coding
819,chr2,IonXpress_SFPQt1,228551115,228550885,Non coding
820,chr2,IonXpress_SFPQt1,228566883,228565824,Protein coding
821,chr2,IonXpress_SFPQt1,20166483,20153739,Protein coding
822,chr2,IonXpress_SFPQt1,20113796,20113469,Protein coding
823,chr2,IonXpress_SFPQt1,20113796,20113469,Protein coding
824,chr2,IonXpress_SFPQt1,20113796,20113469,Non coding
825,chr2,IonXpress_SFPQt1,132908483,132905801,Non coding
826,chr2,IonXpress_SFPQt1,132908483,132905801,Non coding
827,chr2,IonXpress_SFPQt1,132908483,132905801,Non coding
828,chr2,IonXpress_SFPQt1,132908483,132905801,Non coding
829,chr2,IonXpress_SFPQt1,132908483,132905801,Non coding
830,chr2,IonXpress_SFPQt1,132908483,132905801,Non coding
831,chr2,IonXpress_SFPQt1,232320110,232319978,Protein coding
832,chr20,IonXpress_SFPQt1,2633486,2633309,Non coding
833,chr20,IonXpress_SFPQt1,2633486,2633309,Protein coding
834,chr20,IonXpress_SFPQt1,2633923,2633819,Protein coding
835,chr20,IonXpress_SFPQt1,2633486,2633309,Non coding
836,chr20,IonXpress_SFPQt1,2633486,2633309,Protein coding
837,chr20,IonXpress_SFPQt1,2633923,2633819,Protein coding
838,chr20,IonXpress_SFPQt1,2633486,2633309,Non coding
839,chr20,IonXpress_SFPQt1,2633486,2633309,Protein coding
840,chr20,IonXpress_SFPQt1,2633923,2633819,Protein coding
841,chr20,IonXpress_SFPQt1,47895639,47895253,Non coding
842,chr20,IonXpress_SFPQt1,47895639,47894934,Non coding
843,chr20,IonXpress_SFPQt1,47895639,47895253,Non coding
844,chr20,IonXpress_SFPQt1,47895639,47895253,Non coding
845,chr20,IonXpress_SFPQt1,47895639,47895275,Non coding
846,chr20,IonXpress_SFPQt1,47895639,47895253,Non coding
847,chr20,IonXpress_SFPQt1,47895639,47894934,Non coding
848,chr20,IonXpress_SFPQt1,47895639,47895253,Non coding
849,chr20,IonXpress_SFPQt1,47895639,47895253,Non coding
850,chr20,IonXpress_SFPQt1,47895639,47895275,Non coding
851,chr20,IonXpress_SFPQt1,47895639,47895253,Non coding
852,chr20,IonXpress_SFPQt1,47895639,47894934,Non coding
853,chr20,IonXpress_SFPQt1,47895639,47895253,Non coding
854,chr20,IonXpress_SFPQt1,47895639,47895253,Non coding
855,chr20,IonXpress_SFPQt1,47895639,47895275,Non coding
856,chr20,IonXpress_SFPQt1,17923752,17923051,Protein coding
857,chr20,IonXpress_SFPQt1,17929532,17928289,Protein coding
858,chr20,IonXpress_SFPQt1,17949341,17949100,Protein coding
859,chr20,IonXpress_SFPQt1,17936007,17934761,Protein coding
860,chr21,IonXpress_SFPQt1,15456269,15399918,Non coding
861,chr21,IonXpress_SFPQt1,15456269,15399918,Non coding
862,chr21,IonXpress_SFPQt1,15456269,15399918,Non coding
863,chr21,IonXpress_SFPQt1,15456269,15399918,Non coding
864,chr3,IonXpress_SFPQt1,52720783,52720121,Protein coding
865,chr3,IonXpress_SFPQt1,52720783,52720218,Protein coding
866,chr3,IonXpress_SFPQt1,52720783,52720071,Protein coding
867,chr3,IonXpress_SFPQt1,186502219,186501428,Protein coding
868,chr3,IonXpress_SFPQt1,186502216,186501428,Protein coding
869,chr3,IonXpress_SFPQt1,186502219,186501428,Protein coding
870,chr3,IonXpress_SFPQt1,186502216,186501428,Protein coding
871,chr3,IonXpress_SFPQt1,186502219,186501428,Protein coding
872,chr3,IonXpress_SFPQt1,186502216,186501428,Protein coding
873,chr3,IonXpress_SFPQt1,186502219,186501428,Protein coding
874,chr3,IonXpress_SFPQt1,186502216,186501428,Protein coding
875,chr3,IonXpress_SFPQt1,186503951,186503840,Protein coding
876,chr3,IonXpress_SFPQt1,63264351,63264227,Protein coding
877,chr3,IonXpress_SFPQt1,63264351,63264227,Non coding
878,chr3,IonXpress_SFPQt1,63264351,63264227,Non coding
879,chr3,IonXpress_SFPQt1,63466506,63429145,Protein coding
880,chr3,IonXpress_SFPQt1,63431218,63429145,Protein coding
881,chr3,IonXpress_SFPQt1,63466506,63429145,Non coding
882,chr3,IonXpress_SFPQt1,63264351,63264227,Protein coding
883,chr3,IonXpress_SFPQt1,63264351,63264227,Non coding
884,chr3,IonXpress_SFPQt1,63264351,63264227,Non coding
885,chr3,IonXpress_SFPQt1,63466506,63429145,Protein coding
886,chr3,IonXpress_SFPQt1,63431218,63429145,Protein coding
887,chr3,IonXpress_SFPQt1,63466506,63429145,Non coding
888,chr4,IonXpress_SFPQt1,7398013,7194853,Protein coding
889,chr4,IonXpress_SFPQt1,7398013,7383719,Protein coding
890,chr4,IonXpress_SFPQt1,76788464,76787671,Protein coding
891,chr4,IonXpress_SFPQt1,76823381,76817536,Protein coding
892,chr4,IonXpress_SFPQt1,76785591,76782073,Non coding
893,chr4,IonXpress_SFPQt1,83820864,83803090,Protein coding
894,chr4,IonXpress_SFPQt1,83816843,83816000,Non coding
895,chr4,IonXpress_SFPQt1,83816843,83816000,Non coding
896,chr4,IonXpress_SFPQt1,83816843,83816000,Non coding
897,chr5,IonXpress_SFPQt1,138611808,138609850,Non coding
898,chr5,IonXpress_SFPQt1,138611808,138609850,Non coding
899,chr5,IonXpress_SFPQt1,138611808,138609850,Protein coding
900,chr5,IonXpress_SFPQt1,138611808,138609850,Protein coding
901,chr5,IonXpress_SFPQt1,138611808,138609850,Protein coding
902,chr5,IonXpress_SFPQt1,138611808,138609850,Protein coding
903,chr5,IonXpress_SFPQt1,140358532,140167477,Non coding
904,chr5,IonXpress_SFPQt1,140358532,140168269,Non coding
905,chr5,IonXpress_SFPQt1,140184643,140176937,Protein coding
906,chr5,IonXpress_SFPQt1,140358532,140176937,Protein coding
907,chr5,IonXpress_SFPQt1,64595810,64593071,Protein coding
908,chr5,IonXpress_SFPQt1,64777168,64769779,Protein coding
909,chr5,IonXpress_SFPQt1,64466442,64447772,Non coding
910,chr5,IonXpress_SFPQt1,64629867,64625310,Protein coding
911,chr5,IonXpress_SFPQt1,137892139,137891803,Protein coding
912,chr5,IonXpress_SFPQt1,137909755,137909539,Protein coding
913,chr6,IonXpress_SFPQt1,31803186,31802977,Protein coding
914,chr6,IonXpress_SFPQt1,31803186,31802977,Protein coding
915,chr6,IonXpress_SFPQt1,31805011,31802977,Protein coding
916,chr6,IonXpress_SFPQt1,133135869,133135752,Protein coding
917,chr6,IonXpress_SFPQt1,133135869,133135752,Protein coding
918,chr6,IonXpress_SFPQt1,30882931,30882814,Protein coding
919,chr6,IonXpress_SFPQt1,30882585,30882121,Protein coding
920,chr6,IonXpress_SFPQt1,30882931,30882121,Protein coding
921,chr6,IonXpress_SFPQt1,30882580,30882246,Protein coding
922,chr6,IonXpress_SFPQt1,30882931,30882814,Protein coding
923,chr6,IonXpress_SFPQt1,30882931,30882814,Non coding
924,chr6,IonXpress_SFPQt1,30882931,30882814,Non coding
925,chr6,IonXpress_SFPQt1,30887864,30887625,Protein coding
926,chr6,IonXpress_SFPQt1,30882931,30882814,Protein coding
927,chr6,IonXpress_SFPQt1,30882585,30882121,Protein coding
928,chr6,IonXpress_SFPQt1,30882931,30882121,Protein coding
929,chr6,IonXpress_SFPQt1,30882580,30882246,Protein coding
930,chr6,IonXpress_SFPQt1,30882931,30882814,Protein coding
931,chr6,IonXpress_SFPQt1,30882931,30882814,Non coding
932,chr6,IonXpress_SFPQt1,30882931,30882814,Non coding
933,chr6,IonXpress_SFPQt1,30887864,30887625,Protein coding
934,chr6,IonXpress_SFPQt1,31509725,31508441,Protein coding
935,chr6,IonXpress_SFPQt1,31509725,31508311,Protein coding
936,chr6,IonXpress_SFPQt1,31509725,31508441,Protein coding
937,chr6,IonXpress_SFPQt1,31509725,31508441,Protein coding
938,chr6,IonXpress_SFPQt1,31504275,31503262,Protein coding
939,chr6,IonXpress_SFPQt1,31509725,31508311,Protein coding
940,chr6,IonXpress_SFPQt1,31509725,31508441,Protein coding
941,chr6,IonXpress_SFPQt1,31509725,31508311,Protein coding
942,chr6,IonXpress_SFPQt1,31509725,31508441,Protein coding
943,chr6,IonXpress_SFPQt1,31509725,31508311,Protein coding
944,chr6,IonXpress_SFPQt1,31509725,31508441,Protein coding
945,chr6,IonXpress_SFPQt1,31509725,31508441,Protein coding
946,chr6,IonXpress_SFPQt1,31504275,31503262,Protein coding
947,chr6,IonXpress_SFPQt1,31509725,31508311,Protein coding
948,chr6,IonXpress_SFPQt1,31509725,31508441,Protein coding
949,chr6,IonXpress_SFPQt1,31509725,31508311,Protein coding
950,chr6,IonXpress_SFPQt1,31506538,31504460,Non coding
951,chr6,IonXpress_SFPQt1,86387140,86386909,Non coding
952,chr6,IonXpress_SFPQt1,86387140,86386909,Non coding
953,chr8,IonXpress_SFPQt1,70588842,70585561,Protein coding
954,chr8,IonXpress_SFPQt1,70588842,70585561,Non coding
955,chr8,IonXpress_SFPQt1,70591611,70585561,Protein coding
956,chr8,IonXpress_SFPQt1,70747087,70745404,Protein coding
957,chr8,IonXpress_SFPQt1,70588842,70585561,Protein coding
958,chr8,IonXpress_SFPQt1,70588842,70585561,Non coding
959,chr8,IonXpress_SFPQt1,70591611,70585561,Protein coding
960,chr8,IonXpress_SFPQt1,70747087,70745404,Protein coding
961,chr8,IonXpress_SFPQt1,99057734,99057627,Protein coding
962,chr8,IonXpress_SFPQt1,99057734,99057627,Protein coding
963,chr9,IonXpress_SFPQt1,134308002,134305646,Protein coding
964,chr9,IonXpress_SFPQt1,134348893,134346370,Protein coding
965,chr9,IonXpress_SFPQt1,134361470,134360527,Protein coding
966,chr9,IonXpress_SFPQt1,134308002,134305646,Protein coding
967,chr9,IonXpress_SFPQt1,134348893,134346370,Protein coding
968,chr9,IonXpress_SFPQt1,134361470,134360527,Protein coding
969,chr9,IonXpress_SFPQt1,136215775,136215101,Protein coding
970,chr9,IonXpress_SFPQt1,136215775,136215101,Protein coding
971,chr9,IonXpress_SFPQt1,33932558,33927990,Protein coding
972,chr9,IonXpress_SFPQt1,33932558,33927990,Protein coding
973,chr9,IonXpress_SFPQt1,34011623,33998862,Protein coding
974,chr9,IonXpress_SFPQt1,33986756,33963789,Protein coding
975,chr9,IonXpress_SFPQt1,34011623,33998862,Protein coding
976,chr9,IonXpress_SFPQt1,34048874,34017187,Protein coding
977,chr9,IonXpress_SFPQt1,34011623,33998862,Protein coding
978,chr9,IonXpress_SFPQt1,34048874,34017187,Protein coding
979,chr9,IonXpress_SFPQt1,34011623,33998862,Protein coding
980,chrM,IonXpress_SFPQt1,15502,7982,Non coding
981,chrM,IonXpress_SFPQt1,15502,7982,Non coding
982,chrM,IonXpress_SFPQt1,13448,8472,Non coding
983,chrM,IonXpress_SFPQt1,15502,7982,Non coding
984,chrM,IonXpress_SFPQt1,13448,8472,Non coding
985,chrM,IonXpress_SFPQt1,13977,11231,Non coding
986,chrM,IonXpress_SFPQt1,15502,7982,Non coding
987,chrM,IonXpress_SFPQt1,13448,8472,Non coding
988,chrM,IonXpress_SFPQt1,13977,11231,Non coding
989,chrM,IonXpress_SFPQt1,15502,7982,Non coding
990,chrM,IonXpress_SFPQt1,13448,8472,Non coding
991,chrM,IonXpress_SFPQt1,13977,11231,Non coding
992,chrX,IonXpress_SFPQt1,2670937,2670376,Non coding
993,chrX,IonXpress_SFPQt1,2688589,2670376,Protein coding
994,chrX,IonXpress_SFPQt1,2688589,2670376,Protein coding
995,chrX,IonXpress_SFPQt1,135954425,135952576,Protein coding
996,chrX,IonXpress_SFPQt1,135962754,135961612,Protein coding
997,chrX,IonXpress_SFPQt1,135961476,135961317,Protein coding
998,chrX,IonXpress_SFPQt1,135962754,135961612,Protein coding
999,chrX,IonXpress_SFPQt1,135961174,135958814,Protein coding
1000,chrY,IonXpress_SFPQt1,2638589,2620376,Non coding
1001,chrY,IonXpress_SFPQt1,2638589,2620376,Non coding
1002,chrY,IonXpress_SFPQt1,2638589,2620376,Non coding
1003,chrY,IonXpress_SFPQt1,2638589,2620376,Non coding
1004,chrY,IonXpress_SFPQt1,2638589,2620376,Non coding
