,Transcript,Translation_Status,MiSeqSFPQc.csv,MiSeqNONOc.csv,HuRc_conversionc
0,uc010pwa.1,Translated,2,0,0
1,uc002sbj.3,Translated,2,1,0
2,uc010iub.3,Translated,3,0,0
3,uc001sut.4,Translated,1,0,0
4,uc010ugm.1,Translated,1,0,0
5,uc011lfa.2,Untranslated,2,1,1
6,uc010odw.2,Translated,2,0,1
7,uc002ikd.3,Translated,2,2,0
8,uc002xun.4,Untranslated,1,2,0
9,uc002rnl.3,Translated,1,0,0
10,uc010qet.2,Translated,1,0,0
11,uc010ksi.1,Translated,1,0,0
12,uc003jhp.1,Translated,1,0,2
13,uc002rnj.3,Translated,1,0,0
14,uc031sil.1,Translated,1,0,0
15,uc031rct.1,Translated,1,0,0
16,uc021xqo.1,Translated,1,0,0
17,uc003hze.2,Translated,1,0,0
18,uc003ykr.2,Translated,1,0,0
19,uc001ibv.2,Translated,1,0,0
20,uc001hfr.4,Translated,2,2,0
21,uc003lvo.4,Translated,2,1,0
22,uc001pxl.2,Translated,1,0,0
23,uc011cmu.2,Translated,2,0,1
24,uc003slf.1,Translated,1,0,0
25,uc001iyw.4,Translated,1,0,0
26,uc010bxg.3,Translated,3,3,0
27,uc001hgc.3,Translated,1,0,0
28,uc001onw.3,Translated,1,0,0
29,uc003slh.1,Translated,1,0,0
30,uc021zic.1,Translated,16,21,0
31,uc021pmm.1,Untranslated,1,0,0
32,uc021ymj.2,Translated,1,0,0
33,uc001onu.3,Translated,1,0,0
34,uc001pyw.2,Translated,1,0,0
35,uc011lqh.2,Translated,3,4,0
36,uc002hnp.1,Untranslated,1,0,0
37,uc003xrf.4,Translated,1,0,0
38,uc003hzg.4,Translated,1,0,0
39,uc003vcw.1,Translated,1,0,0
40,uc003pjp.2,Translated,2,0,0
41,uc010pvz.1,Untranslated,2,0,0
42,uc010xcj.1,Untranslated,1,0,0
43,uc031sij.1,Translated,1,0,0
44,uc011bpz.2,Translated,2,3,1
45,uc003jdx.1,Translated,3,5,0
46,uc003jau.2,Translated,1,0,0
47,uc002aed.3,Translated,1,0,0
48,uc003wyz.3,Translated,1,0,0
49,uc001hgg.3,Translated,1,0,0
50,uc003ysj.3,Untranslated,1,2,0
51,uc009yrj.3,Translated,1,1,0
52,uc001doa.4,Translated,4,1,3
53,uc010ndq.3,Translated,1,0,0
54,uc004eud.3,Translated,1,0,0
55,uc011loe.1,Translated,1,0,0
56,uc002fck.3,Translated,1,0,0
57,uc004csq.4,Translated,1,0,0
58,uc003esb.2,Translated,1,0,0
59,uc022bqs.1,Untranslated,1,5,1
60,uc011mfc.2,Translated,1,0,0
61,uc003jas.3,Translated,1,0,0
62,uc003xyk.3,Translated,2,1,1
63,uc002rum.3,Translated,1,0,0
64,uc031tds.1,Translated,3,4,0
65,uc002dmm.3,Translated,1,0,0
66,uc010stk.2,Translated,1,0,0
67,uc010yqw.1,Translated,1,0,0
68,uc010fcl.3,Translated,2,1,0
69,uc003ysb.3,Untranslated,1,1,2
70,uc011lkk.2,Translated,1,1,0
71,uc010ypn.2,Translated,2,1,0
72,uc003ezo.3,Translated,1,0,0
73,uc011aaq.2,Translated,1,1,0
74,uc011lki.2,Translated,1,1,0
75,uc003csb.2,Translated,1,0,0
76,uc003pdl.4,Translated,1,1,0
77,uc003ysl.3,Untranslated,4,3,0
78,uc010xrv.2,Translated,3,7,0
79,uc003pdn.2,Translated,1,1,0
80,uc003jhh.2,Translated,1,0,0
81,uc010rqd.2,Translated,1,0,0
82,uc031tdo.1,Translated,1,0,0
83,uc011clz.1,Untranslated,1,0,0
84,uc010ndr.3,Translated,1,0,0
85,uc011cnn.1,Untranslated,3,0,0
86,uc002isq.3,Translated,1,1,0
87,uc001kmp.3,Translated,1,0,0
88,uc003qup.1,Untranslated,21,28,0
89,uc002ikn.1,Translated,1,0,0
90,uc011bbc.1,Untranslated,1,0,0
91,uc003wza.3,Translated,1,0,0
92,uc003ezp.3,Translated,1,0,0
93,uc003ihi.2,Untranslated,1,0,0
94,uc003kol.3,Translated,1,0,1
95,uc001hvy.1,Translated,1,0,0
96,uc010mlt.3,Translated,3,4,0
97,uc001hgm.3,Translated,1,0,0
98,uc010rog.2,Untranslated,154,128,0
99,uc010mdp.2,Untranslated,1,3,0
100,uc001odz.3,Untranslated,5,0,0
101,uc001hgi.3,Translated,1,0,0
102,uc003nda.2,Translated,1,0,0
103,uc001mty.3,Translated,2,0,1
104,uc002aeb.3,Translated,1,0,0
105,uc009vqk.3,Translated,2,0,1
106,uc002hnm.3,Translated,1,0,0
107,uc002nvf.3,Translated,3,7,0
108,uc003zxh.2,Untranslated,1,0,0
109,uc001aje.2,Translated,1,1,0
110,uc003jbf.3,Translated,1,0,0
111,uc002iss.3,Translated,1,1,0
112,uc011bmf.2,Translated,1,0,0
113,uc004cov.5,Untranslated,1,3,0
114,uc021vew.1,Untranslated,1,0,0
115,uc010wmw.2,Translated,1,1,0
116,uc004cer.3,Translated,1,0,0
117,uc002sia.3,Translated,1,0,0
118,uc011log.1,Translated,1,0,0
119,uc003csf.3,Translated,1,0,0
120,uc002fng.1,Translated,4,1,0
121,uc031rcw.1,Translated,1,0,0
122,uc002xuj.3,Untranslated,1,2,0
123,uc022bah.1,Untranslated,1,0,1
124,uc002fne.4,Translated,4,1,0
125,uc031rco.1,Translated,1,0,0
126,uc002fnc.2,Translated,4,1,0
127,uc004cob.1,Translated,1,0,0
128,uc011kug.2,Translated,1,1,0
129,uc031rcm.1,Translated,1,0,0
130,uc021ygh.2,Translated,2,1,0
131,uc001ebk.3,Translated,2,1,0
132,uc001zeu.3,Untranslated,1,1,0
133,uc003fiy.2,Translated,2,3,0
134,uc003yyt.3,Translated,1,1,0
135,uc003wwu.3,Translated,3,1,0
136,uc011loc.1,Translated,1,0,0
137,uc002shx.3,Translated,1,0,0
138,uc003ztr.2,Translated,1,0,0
139,uc003yyr.3,Translated,1,1,0
140,uc011kui.2,Translated,1,1,0
141,uc003ufs.2,Untranslated,1,1,0
142,uc031rcs.1,Translated,1,0,0
143,uc021qmb.1,Translated,2,2,0
144,uc003wfc.2,Translated,1,1,0
145,uc021pwo.1,Untranslated,1,0,0
146,uc002kkf.1,Translated,1,0,0
147,uc031rcq.1,Translated,1,0,0
148,uc002fmx.2,Translated,4,1,0
149,uc010jie.1,Translated,2,1,0
150,uc003ezm.3,Translated,1,0,0
151,uc004euc.3,Translated,1,0,0
152,uc002shz.3,Translated,1,0,0
153,uc001set.3,Untranslated,1,0,0
154,uc004eua.3,Translated,1,0,0
155,uc010wyr.1,Translated,1,0,0
156,uc010ymp.2,Translated,1,0,0
157,uc031rck.1,Translated,1,0,0
158,uc001bgp.4,Translated,2,0,1
159,uc002hdx.4,Translated,1,1,0
160,uc031rci.1,Translated,1,0,0
161,uc003fiw.4,Translated,2,3,1
162,uc001ebi.3,Translated,2,1,0
163,uc004etz.4,Translated,1,0,0
164,uc001bgr.4,Translated,2,0,1
165,uc003csg.3,Translated,1,0,0
166,uc010bfs.3,Translated,1,0,0
167,uc003yyv.3,Translated,1,1,0
168,uc003qee.4,Translated,2,0,0
169,uc009vyw.1,Untranslated,1,0,0
170,uc001vxa.1,Untranslated,1,0,0
171,uc001pyx.2,Translated,1,0,0
172,uc002nat.3,Translated,1,1,0
173,uc010osv.1,Translated,4,1,3
174,uc011ecs.2,Translated,2,0,0
175,uc011bmh.2,Translated,1,0,0
176,uc001xlt.2,Translated,2,1,0
177,uc011byq.2,Translated,1,0,0
178,uc003qec.4,Translated,2,0,0
179,uc011ecq.2,Translated,2,0,0
180,uc010lzb.3,Translated,2,1,1
181,uc001aif.3,Translated,2,2,0
182,uc001onx.3,Translated,1,0,0
183,uc004eue.3,Translated,1,0,0
184,uc011mpt.1,Untranslated,2,0,0
185,uc003crq.2,Translated,1,0,0
186,uc010jbr.1,Translated,1,0,1
187,uc001suu.4,Translated,1,0,0
188,uc010nlq.1,Untranslated,2,2,0
189,uc001iyu.4,Translated,1,0,0
190,uc021shu.1,Untranslated,2,1,0
191,uc003dhz.3,Translated,1,0,0
192,uc021xrw.1,Translated,1,0,0
193,uc001chs.3,Translated,1,0,0
194,uc010lam.1,Translated,1,1,0
195,uc010snu.2,Translated,1,0,0
196,uc003pek.3,Translated,1,0,4
197,uc002ttj.3,Untranslated,1,2,5
198,uc003ezi.3,Translated,1,0,0
199,uc002sbk.3,Translated,2,1,0
200,uc002fgp.3,Translated,1,0,0
201,uc031rcu.1,Translated,1,0,0
202,uc002xvu.1,Translated,1,2,0
203,uc003yks.2,Translated,1,0,0
204,uc001oiw.2,Translated,1,2,0
205,uc011cmn.2,Translated,3,5,0
206,uc003oli.3,Translated,1,1,0
207,uc003jkl.4,Translated,2,0,0
208,uc003gut.4,Translated,1,0,0
209,uc003tlw.3,Translated,1,0,0
210,uc021qdx.1,Translated,2,1,0
211,uc011cmv.2,Translated,2,0,1
212,uc001cse.1,Translated,1,0,0
213,uc010odx.2,Translated,2,0,1
214,uc010xrw.2,Translated,3,7,0
215,uc002dja.3,Untranslated,2,1,0
216,uc002bul.3,Translated,1,2,0
217,uc001onv.3,Translated,1,0,0
218,uc003ezj.3,Translated,1,0,0
219,uc031tci.1,Untranslated,1,2,0
220,uc003xek.3,Translated,3,0,0
221,uc003dhx.3,Untranslated,1,0,0
222,uc003jgh.5,Translated,3,0,0
223,uc003xre.4,Translated,1,0,0
224,uc003wyy.3,Translated,1,0,0
225,uc001qzj.4,Translated,2,1,0
226,uc003jat.1,Translated,1,0,0
227,uc010pvy.1,Translated,2,0,0
228,uc001hfq.4,Translated,2,2,0
229,uc003jfg.3,Untranslated,2,2,0
230,uc021xqp.2,Translated,1,0,0
231,uc001qzb.4,Untranslated,2,1,0
232,uc002fcl.3,Translated,1,0,0
233,uc010mnd.3,Translated,1,2,0
234,uc003jet.2,Translated,2,0,1
235,uc003xeu.3,Translated,3,0,0
236,uc003sle.1,Translated,1,0,0
237,uc022bqt.1,Untranslated,1,4,0
238,uc009vql.3,Translated,2,0,1
239,uc003jhg.2,Translated,1,0,0
240,uc001hgp.3,Translated,1,0,0
241,uc010ksj.3,Translated,1,0,0
242,uc003zzq.3,Translated,3,4,0
243,uc001iyx.4,Translated,1,0,0
244,uc004cos.5,Untranslated,1,8,0
245,uc002iko.4,Translated,1,0,0
246,uc022asi.1,Untranslated,1,0,0
247,uc010ksh.1,Translated,1,0,0
248,uc010ugn.1,Translated,1,0,0
249,uc001qzf.2,Translated,2,1,0
250,uc003hzh.2,Translated,1,0,0
251,uc004chz.3,Translated,1,0,0
252,uc003iqj.3,Translated,1,0,0
253,uc003vcv.4,Translated,1,0,0
254,uc001kmo.3,Translated,1,0,0
255,uc002fmy.2,Translated,4,1,0
256,uc003hzd.4,Untranslated,1,0,0
257,uc003pdm.2,Translated,1,1,0
258,uc003slg.1,Translated,1,0,0
259,uc003ysa.2,Untranslated,5,11,0
260,uc004csr.3,Translated,1,0,0
261,uc003nim.2,Untranslated,1,0,0
262,uc003jhi.2,Translated,1,0,0
263,uc001iyv.4,Translated,1,0,0
264,uc011bbf.1,Translated,1,0,0
265,uc002aea.3,Translated,1,0,0
266,uc010bxf.3,Untranslated,1,1,0
267,uc001kmq.3,Translated,1,0,0
268,uc011bbd.1,Translated,1,0,0
269,uc001hgl.3,Translated,1,0,0
270,uc003esa.2,Translated,1,0,0
271,uc002isp.2,Untranslated,1,1,0
272,uc002kcn.3,Translated,1,0,0
273,uc003sli.1,Translated,1,0,0
274,uc003esc.2,Translated,1,0,0
275,uc010iqw.1,Translated,1,0,0
276,uc031qgg.1,Translated,2,1,0
277,uc010kyl.4,Translated,1,0,0
278,uc003hzf.4,Translated,1,0,0
279,uc009ysh.3,Translated,1,0,0
280,uc004eaa.2,Translated,2,0,0
281,uc002fnh.1,Untranslated,1,0,0
282,uc021vex.1,Untranslated,1,0,0
283,uc031sik.1,Translated,1,0,0
284,uc001hgj.3,Translated,1,0,0
285,uc004eab.2,Translated,2,0,0
286,uc009xce.3,Translated,2,2,0
287,uc003umx.1,Untranslated,2,0,0
288,uc021tel.1,Untranslated,2,1,0
289,uc001hgh.3,Translated,1,0,0
290,uc003pdk.2,Translated,1,1,0
291,uc003dhu.3,Translated,1,0,0
292,uc009yrk.3,Translated,2,2,0
293,uc009zat.3,Translated,1,0,0
294,uc011cna.1,Translated,2,0,0
295,uc002ikc.3,Translated,2,2,0
296,uc010bon.3,Translated,1,2,0
297,uc011egl.1,Translated,17,22,0
298,uc002hno.3,Translated,1,0,0
299,uc002iuz.1,Translated,1,0,0
300,uc011bmg.2,Translated,1,0,0
301,uc001reh.2,Translated,10,19,2
302,uc009xmb.3,Translated,1,0,0
303,uc002rnk.1,Translated,1,0,0
304,uc010roh.3,Translated,24,35,1
305,uc002isr.3,Translated,1,1,0
306,uc002lal.1,Untranslated,1,0,0
307,uc021qrm.1,Translated,1,0,0
308,uc003xyl.3,Translated,2,1,1
309,uc001zev.3,Untranslated,2,1,0
310,uc001ajf.2,Translated,1,1,0
311,uc002hnq.2,Translated,1,0,0
312,uc002fnd.3,Translated,3,1,0
313,uc022bgu.1,Translated,3,4,0
314,uc011dyx.1,Untranslated,2,0,0
315,uc004coa.3,Translated,1,0,0
316,uc002xum.4,Untranslated,1,2,0
317,uc002xuo.3,Untranslated,1,2,0
318,uc003yys.3,Translated,1,1,0
319,uc021ygi.1,Translated,2,1,0
320,uc003zzs.1,Translated,3,2,0
321,uc003yyu.3,Translated,1,1,0
322,uc011kuj.2,Untranslated,1,1,0
323,uc002shy.3,Translated,1,0,0
324,uc001sbh.4,Translated,1,0,0
325,uc011kuh.2,Translated,1,1,0
326,uc003quq.5,Translated,16,21,0
327,uc003csc.3,Translated,1,0,0
328,uc010psf.2,Untranslated,2,2,0
329,uc002jfo.1,Translated,2,1,0
330,uc021qve.1,Untranslated,2,1,0
331,uc003ztq.1,Translated,1,0,0
332,uc002yeh.3,Translated,1,3,0
333,uc003wfb.2,Translated,1,1,0
334,uc011lkl.2,Translated,1,1,0
335,uc003ezn.3,Translated,1,0,0
336,uc001ebl.3,Translated,2,1,0
337,uc003ezl.3,Translated,1,0,0
338,uc031ptb.1,Translated,1,1,0
339,uc002kcm.3,Translated,1,0,0
340,uc003wfd.2,Translated,1,1,0
341,uc004eub.3,Translated,1,0,0
342,uc009xcf.3,Translated,2,2,0
343,uc001seu.3,Translated,1,0,0
344,uc001pak.2,Translated,1,1,1
345,uc003jff.3,Translated,2,2,0
346,uc010dav.3,Translated,2,2,0
347,uc011mpw.2,Translated,2,0,0
348,uc009zmp.1,Untranslated,1,0,0
349,uc004cam.1,Translated,2,1,0
350,uc002iva.3,Translated,1,0,0
351,uc001ses.3,Translated,1,0,0
352,uc002aec.3,Translated,1,0,0
353,uc010rpj.2,Translated,1,2,0
354,uc003fix.4,Translated,2,3,1
355,uc002shw.3,Translated,1,0,0
356,uc010urq.2,Translated,1,2,0
357,uc009vky.3,Translated,2,2,0
358,uc010rqc.2,Translated,1,0,0
359,uc011ecr.2,Translated,2,0,0
360,uc009xhq.3,Translated,6,4,0
361,uc002nvg.2,Translated,3,7,0
362,uc010osu.2,Translated,4,1,3
363,uc021qvg.1,Untranslated,2,1,0
364,uc004ces.3,Translated,1,0,0
365,uc010shj.2,Translated,1,0,0
366,uc031rcv.1,Translated,1,0,0
367,uc011lof.1,Translated,1,0,0
368,uc031rcn.1,Translated,1,0,0
369,uc010ymq.2,Translated,1,0,0
370,uc031rcl.1,Translated,1,0,0
371,uc003jeu.2,Translated,2,0,1
372,uc011lod.1,Translated,1,0,0
373,uc003wwt.3,Translated,3,1,0
374,uc003guq.4,Translated,1,0,0
375,uc003pel.3,Translated,1,0,4
376,uc021sht.1,Untranslated,2,1,0
377,uc003gus.4,Translated,1,0,0
378,uc010snv.2,Translated,1,0,0
379,uc001iij.3,Translated,1,0,0
380,uc010wnm.1,Translated,1,0,0
381,uc002kkg.1,Translated,1,0,0
382,uc031rcr.1,Translated,1,0,0
383,uc002nau.4,Translated,1,1,0
384,uc002wny.3,Translated,1,0,0
385,uc001xls.2,Translated,2,1,0
386,uc011dtg.2,Translated,1,1,0
387,uc003ezh.3,Translated,1,0,0
388,uc031rcp.1,Translated,1,0,0
389,uc010cuz.3,Translated,1,0,0
390,uc003jkk.4,Translated,2,0,0
391,uc002xvt.1,Translated,1,2,0
392,uc003olj.3,Translated,1,1,0
393,uc003tlx.3,Untranslated,1,0,0
394,uc010ifn.3,Untranslated,1,0,0
395,uc003guu.4,Translated,1,0,0
396,uc003olh.3,Translated,1,1,0
397,uc001oiz.2,Translated,1,2,0
398,uc002jfp.1,Translated,2,1,0
399,uc031rcj.1,Translated,1,0,0
400,uc003ncz.2,Translated,1,0,0
401,uc001oix.2,Translated,1,2,0
402,uc002hdy.4,Translated,1,1,0
403,uc010fec.2,Translated,1,0,0
404,uc001bgs.4,Translated,2,0,1
405,uc001doc.1,Translated,4,1,3
406,uc003qed.4,Translated,2,0,0
407,uc011laf.2,Translated,3,0,0
408,uc003dhy.3,Translated,1,0,0
409,uc002xul.4,Untranslated,1,2,0
410,uc001ony.4,Translated,1,0,0
411,uc002hnn.3,Translated,1,0,0
412,uc010swq.3,Translated,0,1,1
413,uc021zgs.1,Translated,0,1,0
414,uc010gno.1,Untranslated,0,1,0
415,uc031rug.1,Translated,0,1,0
416,uc002apj.3,Translated,0,1,0
417,uc031rty.1,Translated,0,1,0
418,uc003udk.4,Translated,0,1,0
419,uc021ult.1,Translated,0,1,0
420,uc002tng.1,Translated,0,1,0
421,uc002xvd.4,Translated,0,1,0
422,uc001tku.4,Untranslated,0,1,1
423,uc021rmu.1,Translated,0,1,0
424,uc022buv.1,Translated,0,1,0
425,uc001hpw.3,Translated,0,1,0
426,uc003hiy.3,Untranslated,0,1,1
427,uc010qxm.2,Translated,0,1,0
428,uc002api.3,Translated,0,1,0
429,uc010tiu.2,Translated,0,1,0
430,uc003qoc.3,Translated,0,1,0
431,uc003upt.3,Translated,0,1,0
432,uc001gdp.3,Translated,0,1,0
433,uc003jfx.4,Translated,0,2,0
434,uc002lni.2,Translated,0,1,0
435,uc001voa.4,Translated,0,1,0
436,uc001ygc.3,Translated,0,1,0
437,uc001aoh.3,Translated,0,1,0
438,uc003xuo.2,Translated,0,1,0
439,uc001voc.3,Translated,0,1,0
440,uc011een.2,Untranslated,0,1,0
441,uc011lek.2,Translated,0,1,0
442,uc002xve.4,Translated,0,1,0
443,uc031siz.1,Translated,0,2,0
444,uc011dju.2,Translated,0,1,0
445,uc001czv.3,Translated,0,1,0
446,uc003kfi.1,Translated,0,1,0
447,uc001agd.3,Translated,0,1,0
448,uc003vre.3,Translated,0,1,0
449,uc003kfh.1,Translated,0,1,0
450,uc031tgb.1,Untranslated,0,1,0
451,uc003xur.3,Translated,0,1,0
452,uc010swp.3,Translated,0,1,1
453,uc001oiv.3,Translated,0,1,0
454,uc010oqm.3,Translated,0,1,0
455,uc021umk.1,Translated,0,1,0
456,uc003jsr.3,Translated,0,1,0
457,uc009vkg.1,Translated,0,1,0
458,uc001byq.3,Untranslated,0,1,0
459,uc001dny.2,Translated,0,1,0
460,uc011bpk.1,Translated,0,2,0
461,uc010oqj.2,Translated,0,1,0
462,uc001cow.3,Translated,0,1,0
463,uc021pjv.1,Translated,0,1,0
464,uc010lmi.3,Untranslated,0,1,0
465,uc031rue.1,Translated,0,1,0
466,uc001byp.3,Untranslated,0,1,0
467,uc010tiw.2,Untranslated,0,1,0
468,uc010oqi.2,Translated,0,1,0
469,uc010oqk.3,Untranslated,0,1,0
470,uc031qqj.1,Translated,0,1,0
471,uc010tiv.2,Untranslated,0,1,0
472,uc002aph.3,Translated,0,1,0
473,uc003xum.3,Translated,0,1,0
474,uc004ebq.1,Untranslated,0,2,0
475,uc001tsj.3,Translated,0,1,0
476,uc021ofq.1,Translated,0,1,0
477,uc021rlx.1,Untranslated,0,1,0
478,uc002xvc.4,Translated,0,1,0
479,uc003upu.2,Translated,0,1,0
480,uc021rcx.2,Translated,0,1,1
481,uc002lsm.3,Translated,0,2,0
482,uc001czw.3,Translated,0,1,0
483,uc001lxc.3,Translated,0,1,0
484,uc011bpl.1,Translated,0,2,0
485,uc022but.1,Translated,0,1,0
486,uc022buu.1,Translated,0,1,0
487,uc003qob.3,Translated,0,1,0
488,uc001dnw.3,Translated,0,2,0
489,uc022amh.1,Translated,0,1,0
490,uc011mfi.2,Untranslated,0,1,0
491,uc001tsh.3,Translated,0,1,0
492,uc021rdb.2,Translated,0,1,1
493,uc002ywg.1,Untranslated,0,1,0
494,uc031rtz.1,Translated,0,1,0
495,uc001czy.3,Translated,0,1,0
496,uc002vee.4,Translated,0,2,0
497,uc010oql.3,Translated,0,1,0
498,uc010fus.3,Translated,0,1,0
499,uc001cov.3,Translated,0,1,0
500,uc001ddu.3,Translated,0,1,0
501,uc010oqn.3,Untranslated,0,1,0
502,uc031rua.1,Translated,0,1,0
503,uc031tas.1,Untranslated,0,1,0
504,uc003xun.3,Translated,0,1,0
505,uc001ygd.3,Translated,0,1,0
506,uc021rda.2,Translated,0,1,1
507,uc010ngx.2,Untranslated,0,1,0
508,uc003jfh.1,Translated,0,1,0
509,uc001vod.3,Translated,0,1,0
510,uc004ddn.3,Translated,0,1,0
511,uc001tsk.3,Untranslated,0,1,0
512,uc002xvf.3,Translated,0,1,0
513,uc003upv.2,Translated,0,1,0
514,uc011kgj.1,Translated,0,1,1
515,uc031ruc.1,Translated,0,1,0
516,uc001tsi.3,Translated,0,1,0
517,uc010yyz.2,Translated,0,1,0
518,uc021rcz.2,Translated,0,1,1
519,uc001ibl.3,Translated,0,2,0
520,uc021rcy.2,Translated,0,1,1
521,uc001ymi.1,Translated,0,1,0
522,uc004ddo.3,Translated,0,1,0
523,uc001tkv.2,Untranslated,0,1,0
524,uc003vtx.2,Translated,0,1,0
525,uc003vty.4,Translated,0,1,0
526,uc001lxb.3,Untranslated,0,1,0
527,uc003xuj.3,Translated,0,1,0
528,uc021zgt.1,Translated,0,1,0
529,uc002lsn.3,Translated,0,2,0
530,uc002xvb.4,Untranslated,0,1,0
531,uc031ruf.1,Translated,0,1,0
532,uc002ywh.1,Translated,0,1,0
533,uc010oos.2,Translated,0,1,0
534,uc002lnh.2,Translated,0,1,0
535,uc010ujj.1,Translated,0,1,0
536,uc003hiz.1,Translated,0,1,1
537,uc003vtw.3,Translated,0,1,0
538,uc010hwn.2,Translated,0,2,0
539,uc011bpj.1,Translated,0,2,0
540,uc010yzc.2,Untranslated,0,1,0
541,uc002tnc.3,Translated,0,1,0
542,uc003hix.3,Translated,0,1,1
543,uc001dnv.3,Translated,0,2,0
544,uc010fur.3,Translated,0,2,0
545,uc021rmv.1,Translated,0,1,0
546,uc010qxn.2,Translated,0,1,0
547,uc021sbn.1,Translated,0,1,0
548,uc002izo.3,Translated,0,1,0
549,uc001tsm.1,Translated,0,1,0
550,uc010drd.2,Translated,0,1,0
551,uc003vmi.3,Translated,0,1,0
552,uc001hnu.2,Translated,0,1,0
553,uc021ofr.1,Untranslated,0,1,0
554,uc021vnl.1,Translated,0,1,0
555,uc001ibk.3,Translated,0,2,0
556,uc010yza.2,Translated,0,1,0
557,uc001ygf.3,Translated,0,1,0
558,uc031rub.1,Untranslated,0,1,0
559,uc001aoi.3,Translated,0,1,0
560,uc003udl.1,Untranslated,0,1,0
561,uc001vob.4,Translated,0,1,0
562,uc002ywi.3,Translated,0,1,0
563,uc022alw.1,Translated,0,1,0
564,uc010lle.3,Translated,0,1,0
565,uc001dnx.3,Translated,0,2,0
566,uc002xva.4,Translated,0,1,0
567,uc010plb.2,Translated,0,1,0
568,uc031rud.1,Translated,0,1,0
569,uc022atp.1,Translated,0,0,1
570,uc001ztl.3,Translated,0,0,1
571,uc001fed.2,Translated,0,0,1
572,uc003sqd.4,Translated,0,0,1
573,uc003his.3,Translated,0,0,1
574,uc003lsd.3,Translated,0,0,1
575,uc010cto.3,Translated,0,0,1
576,uc001ztn.3,Translated,0,0,1
577,uc021wkp.1,Translated,0,0,1
578,uc002vpu.4,Translated,0,0,1
579,uc021trb.1,Untranslated,0,0,1
580,uc011dcu.2,Translated,0,0,1
581,uc010van.1,Translated,0,0,2
582,uc021uau.1,Untranslated,0,0,1
583,uc031sor.1,Translated,0,0,1
584,uc001feb.1,Translated,0,0,1
585,uc001dii.3,Translated,0,0,1
586,uc010fnk.3,Translated,0,0,1
587,uc009wuu.2,Translated,0,0,1
588,uc001fdy.1,Translated,0,0,1
589,uc002jjj.4,Translated,0,0,1
590,uc003xih.2,Translated,0,0,1
591,uc003lum.3,Translated,0,0,1
592,uc001eil.3,Translated,0,0,1
593,uc002tuz.3,Translated,0,0,1
594,uc002jjh.3,Translated,0,0,1
595,uc003qsg.3,Translated,0,0,1
596,uc003hyn.3,Translated,0,0,1
597,uc001hdb.3,Translated,0,0,1
598,uc011dvs.2,Translated,0,0,1
599,uc010snd.2,Translated,0,0,1
600,uc002gaa.4,Translated,0,0,1
601,uc003hyl.4,Translated,0,0,1
602,uc003sqf.4,Translated,0,0,1
603,uc010zfv.3,Translated,0,0,1
604,uc002cpt.3,Translated,0,0,1
605,uc010snf.1,Translated,0,0,1
606,uc001hav.4,Translated,0,0,1
607,uc009yxz.3,Translated,0,0,1
608,uc003ziu.1,Untranslated,0,0,1
609,uc001jjy.1,Translated,0,0,1
610,uc009yxx.1,Untranslated,0,0,1
611,uc001rph.3,Translated,0,0,1
612,uc001kuq.2,Translated,0,0,1
613,uc011mle.1,Untranslated,0,0,1
614,uc001ufg.3,Translated,0,0,1
615,uc010mhl.1,Translated,0,0,1
616,uc011lgf.1,Translated,0,0,1
617,uc021tqw.1,Untranslated,0,0,1
618,uc003kzq.3,Translated,0,0,1
619,uc003vte.4,Translated,0,0,1
620,uc010vwm.1,Untranslated,0,0,1
621,uc003krk.3,Translated,0,0,1
622,uc003jhv.3,Translated,0,0,1
623,uc002iev.3,Translated,0,0,1
624,uc002acd.1,Translated,0,0,1
625,uc010fyq.3,Translated,0,0,1
626,uc004cff.3,Untranslated,0,0,1
627,uc031ref.1,Translated,0,0,1
628,uc003qlp.3,Translated,0,0,1
629,uc011dgq.2,Translated,0,0,2
630,uc003vfx.3,Translated,0,0,1
631,uc003zle.3,Translated,0,0,1
632,uc003ydf.1,Untranslated,0,0,1
633,uc009zun.4,Translated,0,0,1
634,uc004bvu.4,Translated,0,0,1
635,uc001bgo.3,Translated,0,0,1
636,uc004cfe.4,Translated,0,0,1
637,uc001gcd.3,Translated,0,0,1
638,uc001blb.3,Translated,0,0,1
639,uc010vwg.2,Untranslated,0,0,1
640,uc001pyg.3,Untranslated,0,0,1
641,uc003kvs.1,Translated,0,0,1
642,uc001wxg.4,Translated,0,0,1
643,uc003kuv.2,Translated,0,0,1
644,uc009yjz.3,Translated,0,0,1
645,uc010vwk.2,Untranslated,0,0,1
646,uc002uld.2,Translated,0,0,1
647,uc003oxb.2,Translated,0,0,1
648,uc003pvy.4,Translated,0,0,4
649,uc010vwi.2,Untranslated,0,0,1
650,uc001ira.3,Translated,0,0,1
651,uc009xug.3,Translated,0,0,1
652,uc004aqf.2,Translated,0,0,1
653,uc011kpj.2,Untranslated,0,0,1
654,uc003yeo.2,Translated,0,0,1
655,uc010vwo.1,Untranslated,0,0,1
656,uc003mkl.3,Translated,0,0,2
657,uc002hzo.3,Translated,0,0,1
658,uc021wro.1,Untranslated,0,0,1
659,uc002kak.2,Translated,0,0,1
660,uc003avx.4,Translated,0,0,1
661,uc003jma.3,Translated,0,0,1
662,uc002jsb.2,Untranslated,0,0,1
663,uc004fae.2,Translated,0,0,1
664,uc002jsd.2,Untranslated,0,0,1
665,uc002vps.4,Translated,0,0,1
666,uc010oev.2,Translated,0,0,1
667,uc003nrl.3,Translated,0,0,1
668,uc009yjx.3,Translated,0,0,1
669,uc001wza.4,Translated,0,0,2
670,uc002upq.4,Translated,0,0,1
671,uc001mvu.3,Translated,0,0,2
672,uc021pgx.1,Translated,0,0,1
673,uc002kti.1,Untranslated,0,0,1
674,uc003lun.3,Translated,0,0,1
675,uc001iay.1,Translated,0,0,2
676,uc001kuo.2,Translated,0,0,1
677,uc001mvw.3,Translated,0,0,2
678,uc003btb.2,Translated,0,0,1
679,uc001mvy.3,Translated,0,0,2
680,uc021orn.1,Translated,0,0,1
681,uc010lvk.3,Translated,0,0,1
682,uc010yss.2,Translated,0,0,1
683,uc010uwa.2,Untranslated,0,0,1
684,uc001emn.4,Translated,0,0,1
685,uc003thc.4,Translated,0,0,1
686,uc009xjf.1,Translated,0,0,1
687,uc003kzr.3,Translated,0,0,1
688,uc002hjb.3,Translated,0,0,1
689,uc031ppo.1,Translated,0,0,1
690,uc001cfg.4,Translated,0,0,1
691,uc003jcm.3,Translated,0,0,1
692,uc022alt.1,Untranslated,0,0,1
693,uc010cpd.3,Untranslated,0,0,1
694,uc010jai.3,Translated,0,0,1
695,uc002kag.3,Untranslated,0,0,1
696,uc010grb.1,Translated,0,0,1
697,uc002ivj.3,Translated,0,0,1
698,uc001ztk.1,Translated,0,0,1
699,uc022bdo.1,Translated,0,0,1
700,uc003bgt.4,Untranslated,0,0,1
701,uc003jri.4,Translated,0,0,1
702,uc001drb.3,Translated,0,0,1
703,uc011mbj.2,Translated,0,0,1
704,uc022alr.1,Untranslated,0,0,1
705,uc010pej.2,Translated,0,0,1
706,uc001drd.4,Translated,0,0,1
707,uc003btd.4,Translated,0,0,1
708,uc010oyh.1,Untranslated,0,0,1
709,uc001xlb.2,Translated,0,0,1
710,uc001ouf.3,Translated,0,0,2
711,uc021rve.1,Translated,0,0,2
712,uc010bbi.3,Translated,0,0,4
713,uc021udi.1,Untranslated,0,0,1
714,uc002znc.2,Translated,0,0,1
715,uc031ppm.1,Translated,0,0,1
716,uc001mut.4,Translated,0,0,1
717,uc001zwt.3,Translated,0,0,1
718,uc002vwd.3,Translated,0,0,1
719,uc001giy.1,Translated,0,0,1
720,uc002rgv.3,Translated,0,0,1
721,uc001muv.4,Translated,0,0,1
722,uc021rob.1,Untranslated,0,0,1
723,uc003zsg.2,Translated,0,0,1
724,uc001xfr.2,Translated,0,0,2
725,uc002zne.2,Translated,0,0,1
726,uc011mwg.2,Translated,0,0,1
727,uc001imu.1,Translated,0,0,1
728,uc001iqv.3,Untranslated,0,0,1
729,uc002jhi.4,Translated,0,0,1
730,uc002ixv.3,Untranslated,0,0,1
731,uc003exc.1,Translated,0,0,1
732,uc002zro.1,Translated,0,0,1
733,uc003kvp.2,Translated,0,0,1
734,uc002lpq.2,Translated,0,0,1
735,uc011dmq.2,Translated,0,0,1
736,uc002bgm.3,Translated,0,0,1
737,uc021tqz.1,Translated,0,0,1
738,uc003sot.4,Translated,0,0,5
739,uc022bol.1,Translated,0,0,1
740,uc010ymj.2,Translated,0,0,1
741,uc021tqx.1,Untranslated,0,0,1
742,uc003sor.4,Translated,0,0,5
743,uc001zxc.1,Translated,0,0,1
744,uc003sqe.4,Translated,0,0,1
745,uc022atq.1,Translated,0,0,1
746,uc001ztm.3,Translated,0,0,1
747,uc010vwp.1,Untranslated,0,0,1
748,uc021wko.1,Translated,0,0,1
749,uc003oxa.2,Translated,0,0,1
750,uc021trc.1,Untranslated,0,0,1
751,uc010drg.3,Translated,0,0,1
752,uc001dih.4,Untranslated,0,0,1
753,uc003qsh.3,Translated,0,0,1
754,uc002jhg.4,Translated,0,0,1
755,uc002rmh.3,Translated,0,0,1
756,uc001iqt.3,Translated,0,0,1
757,uc002mer.4,Translated,0,0,1
758,uc010rer.2,Translated,0,0,2
759,uc009yii.3,Translated,0,0,1
760,uc002tuy.3,Translated,0,0,1
761,uc002sgf.3,Translated,0,0,1
762,uc001xki.2,Translated,0,0,2
763,uc021tra.1,Untranslated,0,0,1
764,uc021osy.1,Translated,0,0,1
765,uc002spr.3,Translated,0,0,1
766,uc001ims.3,Translated,0,0,1
767,uc021pny.1,Translated,0,0,1
768,uc001pku.3,Translated,0,0,1
769,uc002jjg.3,Translated,0,0,1
770,uc009yka.3,Translated,0,0,1
771,uc003xio.4,Translated,0,0,1
772,uc011dvr.2,Translated,0,0,1
773,uc002bgn.3,Translated,0,0,1
774,uc003hir.3,Translated,0,0,1
775,uc001vmw.4,Translated,0,0,1
776,uc002gqc.3,Translated,0,0,1
777,uc001dzl.1,Translated,0,0,1
778,uc010zws.2,Translated,0,0,1
779,uc002cpu.3,Translated,0,0,1
780,uc010fvz.1,Untranslated,0,0,1
781,uc001ryb.3,Translated,0,0,1
782,uc002cpw.3,Translated,0,0,1
783,uc002ulc.1,Translated,0,0,1
784,uc001eim.4,Translated,0,0,1
785,uc021rcj.1,Untranslated,0,0,1
786,uc001emm.4,Translated,0,0,1
787,uc001pks.3,Translated,0,0,1
788,uc001rpg.3,Translated,0,0,1
789,uc021ott.2,Translated,0,0,1
790,uc021tqv.1,Untranslated,0,0,1
791,uc003jhw.2,Translated,0,0,1
792,uc010vwl.1,Untranslated,0,0,1
793,uc003jhu.3,Translated,0,0,1
794,uc021oqe.1,Translated,0,0,1
795,uc003krl.3,Translated,0,0,1
796,uc010orm.2,Translated,0,0,1
797,uc010yml.2,Translated,0,0,1
798,uc003lse.3,Translated,0,0,1
799,uc003xjr.2,Translated,0,0,1
800,uc021qro.1,Untranslated,0,0,1
801,uc003kuu.3,Translated,0,0,1
802,uc003vfy.3,Translated,0,0,1
803,uc001gcc.2,Translated,0,0,1
804,uc001bla.3,Translated,0,0,1
805,uc003hit.3,Translated,0,0,1
806,uc004bvt.4,Translated,0,0,1
807,uc010snc.2,Translated,0,0,1
808,uc002xnu.3,Translated,0,0,1
809,uc001blc.3,Translated,0,0,1
810,uc003ysi.3,Translated,0,0,1
811,uc021zbm.1,Untranslated,0,0,2
812,uc021viy.1,Untranslated,0,0,1
813,uc003vwc.4,Translated,0,0,1
814,uc002jhk.4,Translated,0,0,1
815,uc001fdx.1,Translated,0,0,1
816,uc003jfk.3,Translated,0,0,1
817,uc010vwj.2,Untranslated,0,0,1
818,uc031pob.1,Translated,0,0,1
819,uc010vwh.2,Untranslated,0,0,1
820,uc002vpt.4,Translated,0,0,1
821,uc001eik.3,Translated,0,0,1
822,uc002ace.1,Translated,0,0,1
823,uc002jji.4,Translated,0,0,1
824,uc003hyo.3,Translated,0,0,1
825,uc021ouk.1,Translated,0,0,1
826,uc003mkk.3,Translated,0,0,2
827,uc001fea.1,Translated,0,0,1
828,uc001fdz.1,Translated,0,0,1
829,uc001iba.1,Translated,0,0,2
830,uc010vwn.1,Untranslated,0,0,1
831,uc003lsc.3,Translated,0,0,1
832,uc001gfr.1,Translated,0,0,2
833,uc031sce.1,Untranslated,0,0,1
834,uc001tej.3,Translated,0,0,1
835,uc002ule.3,Translated,0,0,1
836,uc002jsa.2,Untranslated,0,0,1
837,uc009zba.2,Untranslated,0,0,1
838,uc001bkz.3,Translated,0,0,1
839,uc021wrn.1,Untranslated,0,0,1
840,uc003hym.1,Untranslated,0,0,1
841,uc031tfl.1,Translated,0,0,1
842,uc010sne.2,Translated,0,0,1
843,uc001jjx.1,Translated,0,0,1
844,uc010jhz.3,Translated,0,0,1
845,uc009yxy.3,Translated,0,0,1
846,uc003btc.2,Translated,0,0,1
847,uc001bys.3,Translated,0,0,1
848,uc002vpr.4,Translated,0,0,1
849,uc003yqy.1,Untranslated,0,0,1
850,uc003bta.2,Translated,0,0,1
851,uc001kur.2,Translated,0,0,1
852,uc010lmv.3,Untranslated,0,0,1
853,uc001jks.4,Translated,0,0,1
854,uc004fad.1,Translated,0,0,1
855,uc010oye.3,Translated,0,0,1
856,uc003zlf.3,Translated,0,0,1
857,uc002xet.3,Translated,0,0,1
858,uc004faf.2,Translated,0,0,1
859,uc001kup.2,Translated,0,0,1
860,uc010rwe.2,Translated,0,0,1
861,uc021wsu.1,Translated,0,0,1
862,uc001bmp.4,Translated,0,0,1
863,uc002gqa.4,Untranslated,0,0,1
864,uc001jka.1,Translated,0,0,1
865,uc011dgp.2,Translated,0,0,2
866,uc021qnd.1,Translated,0,0,2
867,uc003zld.3,Translated,0,0,1
868,uc001mvv.3,Translated,0,0,2
869,uc002jne.3,Translated,0,0,1
870,uc001mvx.3,Translated,0,0,2
871,uc010sli.2,Translated,0,0,1
872,uc001mtz.1,Translated,0,0,1
873,uc010yst.2,Translated,0,0,1
874,uc001emo.2,Translated,0,0,1
875,uc001kiq.4,Translated,0,0,1
876,uc009yjy.3,Translated,0,0,1
877,uc003kvt.1,Translated,0,0,1
878,uc010bvz.1,Untranslated,0,0,2
879,uc022bdp.1,Translated,0,0,1
880,uc021rua.1,Translated,0,0,2
881,uc003jcl.3,Translated,0,0,1
882,uc003oxc.2,Translated,0,0,1
883,uc002kal.2,Translated,0,0,1
884,uc003yen.2,Translated,0,0,1
885,uc003bsz.2,Translated,0,0,1
886,uc022alq.1,Untranslated,0,0,1
887,uc002skh.4,Translated,0,0,1
888,uc021ruc.1,Untranslated,0,0,2
889,uc001iaz.1,Translated,0,0,2
890,uc003avy.4,Translated,0,0,1
891,uc001aot.3,Translated,0,0,1
892,uc021qxy.1,Translated,0,0,1
893,uc003avw.4,Translated,0,0,1
894,uc001mwc.4,Translated,0,0,2
895,uc022als.1,Untranslated,0,0,1
896,uc009yts.3,Translated,0,0,2
897,uc021ofs.1,Untranslated,0,0,1
898,uc010aqu.2,Translated,0,0,1
899,uc002dfl.1,Translated,0,0,2
900,uc001mrl.3,Translated,0,0,1
901,uc001oue.3,Translated,0,0,2
902,uc001muu.4,Translated,0,0,1
903,uc001gun.4,Translated,0,0,1
904,uc021udj.1,Untranslated,0,0,1
905,uc002kth.1,Translated,0,0,1
906,uc001xfq.2,Translated,0,0,2
907,uc031ppn.1,Translated,0,0,1
908,uc003luq.3,Translated,0,0,1
909,uc002ivi.3,Translated,0,0,1
910,uc001xfs.2,Translated,0,0,2
911,uc002znf.2,Translated,0,0,1
912,uc001iwe.4,Translated,0,0,1
913,uc002zrp.3,Translated,0,0,1
914,uc010pei.1,Translated,0,0,1
915,uc003exb.1,Translated,0,0,1
916,uc021tzn.1,Untranslated,0,0,1
917,uc011mwf.1,Translated,0,0,1
918,uc002znd.2,Translated,0,0,1
919,uc031qdy.1,Translated,0,0,1
920,uc002hja.3,Translated,0,0,1
921,uc002lpr.2,Translated,0,0,1
922,uc002jhj.4,Translated,0,0,1
923,uc002hjc.3,Translated,0,0,1
924,uc002lpp.2,Translated,0,0,1
925,uc003fdn.3,Translated,0,0,1
926,uc010gra.2,Untranslated,0,0,1
927,uc001mus.4,Translated,0,0,1
928,uc010grc.1,Translated,0,0,1
929,uc022ato.1,Translated,0,0,1
930,uc001iqs.3,Translated,0,0,1
931,uc031pvd.1,Translated,0,0,1
932,uc010cpe.2,Untranslated,0,0,1
933,uc010frs.4,Translated,0,0,1
934,uc003jrh.4,Translated,0,0,1
935,uc003soq.4,Translated,0,0,5
936,uc002rmi.3,Translated,0,0,1
937,uc002jhh.4,Translated,0,0,1
938,uc010cpw.3,Translated,0,0,1
939,uc001xkh.2,Translated,0,0,2
940,uc010aeu.1,Translated,0,0,1
941,uc001imt.1,Translated,0,0,1
942,uc010wgi.2,Translated,0,0,1
943,uc003jrj.4,Translated,0,0,1
944,uc002jjf.1,Translated,0,0,1
945,uc001zws.3,Translated,0,0,1
946,uc002jnf.3,Translated,0,0,1
947,uc001pkt.3,Translated,0,0,1
948,uc011cpm.2,Translated,0,0,1
949,uc010aoa.3,Translated,0,0,2
950,uc001zww.3,Translated,0,0,1
951,uc021vol.1,Untranslated,0,0,1
952,uc031pnx.1,Translated,0,0,1
953,uc001dzm.1,Translated,0,0,1
954,uc010wit.2,Translated,0,0,1
955,uc009yya.3,Translated,0,0,1
956,uc003zis.2,Translated,0,0,1
957,uc009ykh.3,Untranslated,0,0,2
958,uc002cpx.3,Translated,0,0,1
959,uc002rmg.3,Translated,0,0,1
960,uc002hhy.3,Translated,0,0,1
961,uc010khx.3,Translated,0,0,1
962,uc002jhl.4,Translated,0,0,1
963,uc021ots.1,Translated,0,0,1
964,uc021viz.1,Untranslated,0,0,1
965,uc010ivg.3,Translated,0,0,1
966,uc009xxb.1,Translated,0,0,1
967,uc002sps.3,Translated,0,0,1
968,uc001tff.2,Translated,0,0,1
969,uc001xub.3,Translated,0,0,1
970,uc001zkh.3,Translated,0,0,4
971,uc001xla.2,Translated,0,0,1
972,uc001zxb.1,Translated,0,0,1
973,uc002gqb.4,Untranslated,0,0,1
974,uc021tqy.1,Untranslated,0,0,1
